id,first_name,last_name,swimming_school_id,phone_num,empoyment_date,salary
1,Ava,Wojciechowska,2,+10218196001,2017-08-07,6500
2,Stanisław,Tomaszewski,33,+10863794026,2022-08-01,5100
3,Noah,Stępień,10,+13116155940,2020-02-26,9800
4,Elena,Rodriguea,35,+212849593103,2007-10-24,7400
5,Sara,Rutkowska,6,+65475255341,2007-02-19,5600
6,Sophia,Youna,11,+10276483503,2025-06-02,9600
7,Tomasz,Kubiak,26,+10953767242,2021-01-14,5400
8,Emil,Roberts,36,+65965328710,2024-03-28,6600
9,Karol,Zając,41,+65916697848,2021-12-13,10000
10,Piotr,Nguyen,47,+42514627048,2014-08-17,9300
11,Lucia,Michalska,33,+42893252880,2000-05-08,9000
12,Emma,Wila,32,+13430391171,2023-08-25,5700
13,Lucia,Jacksoa,50,+11824896383,2002-11-08,5800
14,Irina,Sokołowska,26,+13787133150,2025-07-27,9100
15,Olivia,Lea,15,+48103105183,2023-12-12,6400
16,Adrian,Scott,32,+12997376311,2024-03-12,8400
17,Luna,Garcia,23,+11010651333,2024-02-01,7600
18,Zofia,Davia,9,+42731781080,2021-12-05,6100
19,Jakub,Turner,16,+11736026064,2006-10-12,7600
20,Aleksandra,Górska,28,+10430980500,2025-05-05,5900
21,Laura,Lopea,33,+48812191361,2019-05-27,6000
22,Lena,Czarnecka,38,+212699854353,2022-09-18,5200
23,Alan,Smith,9,+42751079911,2024-09-23,9100
24,Zofia,Baraa,33,+13135427849,2007-06-23,5800
25,Ella,Moora,1,+212241182449,2023-02-23,6900
26,Henryk,Baker,22,+42874016400,2000-08-05,9300
27,Lucas,Campbell,9,+12786801128,2024-05-04,6600
28,Tomasz,Piasecki,38,+65204505331,2021-10-09,5900
29,Ethan,Parker,36,+12322602563,2021-04-07,8900
30,Denis,Król,45,+48733754330,2007-04-30,7400
31,Luna,Dudea,26,+212458685014,2021-09-19,6700
32,Oskar,Harris,17,+65556981693,2020-01-20,5600
33,Julian,Kamiński,46,+10561595148,2019-05-02,5000
34,Sebastian,Scott,27,+42823662994,2013-07-04,7500
35,Katarzyna,Lea,1,+10699577738,2011-11-25,6800
36,Karolina,Mitchela,11,+13134332003,2015-05-05,6800
37,Karolina,Lewia,50,+65936763201,2000-06-24,7900
38,Vanessa,Jonea,15,+11083172788,2019-04-27,9400
39,Emma,Kubiaa,49,+65872774348,2024-05-24,7800
40,Marta,Walkea,16,+212434558122,2011-08-22,7800
41,Zbigniew,Jaworski,45,+10166587603,2009-05-01,9500
42,Magdalena,Jaworska,50,+48967054668,2023-05-31,9400
43,Petra,Mitchela,35,+10467065627,2012-02-08,8100
44,Patryk,Robinson,35,+48162720465,2003-06-03,7500
45,Stanisław,Rodriguez,21,+65464170805,2020-06-03,9800
46,Wojciech,King,5,+48033092327,2025-03-03,9100
47,Emilia,Wojciechowska,37,+42529912419,2019-04-09,7900
48,Michał,Sokołowski,37,+65319314919,2024-06-03,7400
49,Paweł,Majewski,35,+13185067165,2021-06-05,9200
50,Ava,Rodriguea,46,+12849877694,2012-12-25,7700
51,Oliver,Czarnecki,6,+10799650752,2009-03-15,7800
52,Marta,Baraa,23,+42948083136,2023-02-28,7100
53,Marta,Perea,49,+11770143634,2009-10-16,9400
54,Luna,Harria,24,+13685574443,2020-12-23,8500
55,Daniel,Nelson,13,+12337498941,2019-12-09,5700
56,Leon,Rutkowski,15,+42082400842,2021-05-24,6100
57,Ava,Turnea,32,+42777520471,2023-11-19,5000
58,Adam,Johnson,32,+48229413186,2023-10-20,8600
59,Sophia,Clara,40,+65774964990,2010-05-23,9900
60,Isabella,Mitchela,7,+10412328120,2003-02-21,9000
61,Agnieszka,Davia,45,+48344713493,2023-07-23,6800
62,Ewa,Wojciechowska,35,+12421024994,2012-04-18,9100
63,Joanna,Kwiatkowska,30,+65488771906,2010-01-08,9400
64,Veronika,Wila,39,+212399049027,2012-06-18,5100
65,Beata,Kina,29,+65717565512,2009-02-28,6100
66,Lucas,Williams,45,+65807154516,2024-09-13,6800
67,Barbara,Nowaa,43,+65038597703,2025-06-11,7900
68,Denis,Lee,9,+11109324808,2020-06-04,7800
69,Agnieszka,Kozłowska,15,+212274846773,2018-08-14,7900
70,Aleksandra,Lea,10,+12146584044,2022-01-16,6200
71,Olivia,Harria,43,+11875588675,2025-04-18,5900
72,Leon,Green,16,+10605766270,2024-12-20,7400
73,Patryk,Anderson,38,+11187026217,2016-10-28,5600
74,Alan,Kołodziej,40,+212586578091,2018-02-05,9100
75,Stefan,Walker,44,+212611724005,2019-09-22,6400
76,Marcin,Rutkowski,23,+12386922219,2023-10-24,7700
77,Maximilian,Robinson,44,+12374740748,2018-09-05,8100
78,Filip,Woźniak,29,+42647436713,2012-03-08,8700
79,Maximilian,White,23,+42064090974,2024-12-07,6800
80,Vanessa,Tomaszewska,39,+10942104709,2017-01-13,6400
81,Leo,Carter,9,+13623285884,2018-03-17,6800
82,Igor,Wróbel,31,+13171236851,2010-09-06,9700
83,Anna,Kowalska,17,+11549651370,2025-08-22,5700
84,Charlotte,Perez,21,+212746120047,2023-06-24,6400
85,Karol,Jankowski,16,+65758692617,2023-06-08,5800
86,Isabella,Williama,18,+13377351585,2002-03-24,9400
87,Marcin,Smith,18,+11139005329,2009-04-09,5700
88,Henryk,Szymański,49,+10352904228,2016-10-31,6300
89,Julian,Michalski,8,+12053950240,2022-06-12,5100
90,Patryk,Mitchell,27,+212775891783,2022-06-22,5700
91,Isabella,Kamińska,47,+11007661771,2023-10-02,6900
92,Mateusz,Wilk,39,+12499856984,2007-11-20,5400
93,Aleksandra,Andersoa,39,+212836736576,2020-07-12,5600
94,Magdalena,Cartea,7,+13452711116,2007-11-03,7700
95,Szymon,Roberts,48,+48988516560,2013-12-18,5800
96,Artur,Clark,20,+10273158514,2016-03-18,5600
97,Maja,Olszewska,28,+42024455022,2015-01-07,8800
98,Lena,Wrigha,26,+48183667525,2018-10-26,5900
99,Sebastian,Nelson,21,+212022901476,2025-05-07,8600
100,Marta,Ramirea,29,+10815614978,2015-04-06,6700
101,Emilia,Sokołowska,3,+48034324451,2002-10-27,7500
102,Jan,Wilson,48,+12683885160,2015-04-07,6100
103,Małgorzata,Wiśniewska,30,+65966416052,1999-11-15,7000
104,Charlotte,Rodriguez,45,+65136968164,2018-09-16,5500
105,Petra,Kołodziea,15,+12181883552,2021-01-30,9900
106,Stefan,Mazur,10,+12921277997,2020-08-11,6200
107,Hanna,Thompsoa,42,+13527177449,2022-12-22,8900
108,Marcin,Mróz,33,+11700541199,1998-11-27,6900
109,Dorota,Jaworska,30,+48793597820,2022-05-31,8500
110,Monika,Mazua,22,+12037788925,2023-07-04,5500
111,Alexander,Górski,25,+13905151864,2018-10-22,9900
112,Julian,Nelson,43,+13192546291,2025-08-12,5900
113,Sebastian,Perez,25,+212685054235,2015-03-16,5800
114,Sara,Gonzalea,13,+12141888059,2018-12-09,5800
115,Patryk,Clark,25,+12927065379,2007-05-23,6000
116,Artur,Turner,48,+10834735977,2023-03-09,7800
117,Sara,Górska,50,+65239240758,2014-05-05,8200
118,Grzegorz,Baker,34,+42124782613,2022-09-24,5700
119,Monika,Majewska,2,+65853615305,2020-09-25,5300
120,Szymon,Baker,42,+12204727790,2019-08-11,10000
121,Mateusz,Wiśniewski,17,+65143410369,2022-01-16,5900
122,Aleksandra,Szymańska,8,+48893246095,2024-06-01,8100
123,Stefan,White,27,+212851888880,2007-04-11,9200
124,Theo,Hernandez,3,+13405153195,2021-06-11,7400
125,Damian,Kamiński,23,+12772217043,2024-10-09,7100
126,Paweł,Zalewski,3,+65874034505,2007-02-01,6900
127,Denis,Kwiatkowski,24,+11652775841,2020-03-01,7500
128,Elena,Jonea,6,+12845115447,2016-01-04,8800
129,Sophia,Bakea,28,+11570596401,2018-03-02,9400
130,Emilia,Youna,26,+12029702135,2022-02-10,8200
131,Leo,Jaworski,37,+12755719285,2017-03-10,8800
132,Anna,Kubiaa,42,+212027868144,2018-12-22,6500
133,Alina,Davia,14,+11312172715,2022-05-15,6800
134,Emilia,Majewska,46,+42422583132,2011-01-03,8500
135,Stefan,Wilson,2,+13782911467,2019-07-11,8500
136,Elżbieta,Williama,50,+212251778528,2015-07-31,8600
137,Ava,Sanchea,12,+48182422535,2012-10-02,7700
138,Beata,Górska,6,+42249818299,2007-12-07,6200
139,Bartosz,Pawłowski,43,+13900109439,2025-09-03,9600
140,Magdalena,Robinsoa,41,+42473647102,2020-06-30,8100
141,Joanna,Browa,31,+13925556258,2018-04-11,6300
142,Amelia,Mazua,21,+212473210469,2019-05-08,7900
143,Magdalena,Czarnecka,11,+13327877470,2020-10-13,8600
144,Jakub,Smith,33,+10950047974,2016-02-02,6500
145,Zofia,Kowalska,7,+42565060983,2013-02-24,5800
146,Leo,Lee,19,+11849912165,1996-08-30,7400
147,Noah,Perez,24,+65800025787,2013-08-07,6200
148,Bartosz,Ramirez,33,+13269495888,2001-11-06,7000
149,Marta,Adama,37,+48551694097,2020-03-09,8000
150,Alan,King,50,+10097289623,2023-02-28,8600
151,Tomasz,White,45,+48756263689,2007-05-29,6200
152,Karolina,Mitchela,47,+12838578652,2013-06-15,9500
153,Aleksandra,Jacksoa,22,+42973348434,2015-12-20,7200
154,Sara,Górska,46,+11575844198,2014-03-15,9400
155,Maximilian,Smith,23,+48415747338,2022-07-13,6800
156,Denis,Perez,45,+212993308330,2014-08-30,5800
157,Szymon,Williams,22,+212208267734,2023-08-23,8000
158,Oliver,Górski,42,+212938026206,2016-07-06,9900
159,Sylwia,Adamczya,48,+48049915478,2025-03-03,6800
160,Elżbieta,Wilsoa,9,+42315274205,2022-11-07,7900
161,Kamil,Thompson,44,+65685161227,2017-08-11,6100
162,Oliver,Czarnecki,1,+10745499045,2009-12-19,7400
163,Ingrid,Borkowski,4,+11426841459,2023-04-12,5700
164,Wojciech,Olszewski,9,+11956878339,2022-07-23,5900
165,Mateusz,Moore,29,+13191088398,2020-05-17,9500
166,Bartosz,Pawłowski,21,+212397187072,2022-06-22,7800
167,Barbara,Browa,30,+11406403910,2021-09-04,5300
168,Ewa,Majewska,45,+48170462265,2005-05-03,8400
169,Maximilian,Davis,25,+12512868230,2017-04-27,5500
170,Klara,Wiśniewska,20,+65863375243,2018-09-16,9300
171,Anastasia,Phillipa,8,+65903311907,2015-05-24,9200
172,Emma,Torrea,46,+48673830284,2010-08-23,6500
173,Zbigniew,Carter,37,+13342836440,2020-05-27,8600
174,Amelia,Sanchea,48,+65870568566,2009-07-14,9000
175,Bartosz,Marciniak,25,+11334270866,2008-09-19,9800
176,Amelia,Moora,9,+42351751830,2021-07-20,6500
177,Denis,Błaszczyk,44,+10983735403,2014-03-01,5400
178,Leon,Mitchell,8,+11393638546,2023-05-30,9800
179,Natalia,Jacksoa,42,+42587717535,2019-11-17,6900
180,Victor,Williams,3,+12048996423,2018-03-01,6400
181,Lucas,Tomaszewski,25,+13477725228,2011-06-30,8100
182,Marta,Adamczya,35,+48100623120,2004-11-05,8300
183,Stanisław,Anderson,30,+11700886008,2013-02-13,5300
184,Anastasia,Stępiea,35,+65211823398,2015-01-27,5100
185,Julian,Mróz,18,+13679334101,2018-07-24,5500
186,Katarzyna,Błaszczya,25,+48021765918,2025-04-06,8000
187,Paweł,Tomaszewski,14,+11401489025,2025-08-12,9400
188,Andrzej,Sikora,38,+65142939685,2012-08-12,9800
189,Theo,Turner,48,+212850163159,2008-09-29,10000
190,Sara,Lewia,39,+13047735866,2019-01-10,9900
191,Antoni,Nguyen,38,+212943114262,2024-03-13,7400
192,Veronika,Jaworska,21,+212047541212,2020-09-06,5600
193,Małgorzata,Davia,36,+65101581995,2024-08-04,8200
194,Theo,Kowalski,19,+212839826224,2011-12-05,7400
195,Robert,Walczak,32,+12646471543,2024-01-02,5400
196,Anastasia,Walkea,32,+10712406596,2025-04-05,8900
197,Lucas,Miller,22,+12459375265,2010-10-12,9100
198,Kamil,Mitchell,45,+10564651939,2024-07-02,8600
199,Helena,Adamczya,44,+11374167243,2025-08-13,5100
200,Julian,Wright,10,+65179796886,2025-10-05,7700
201,Helena,Kowalczya,24,+212135290965,2022-05-29,8800
202,Małgorzata,Mazua,1,+10888993756,2002-09-10,6600
203,Natalia,Campbela,44,+13071461125,2024-07-02,5900
204,Sebastian,Kołodziej,30,+11571775140,2005-08-29,8300
205,Alina,Wojciechowska,2,+212238282586,2019-02-15,9100
206,Natalia,Tomaszewska,26,+12660937966,2025-02-05,6100
207,Jan,Adams,14,+212918255371,2017-10-24,6700
208,Alan,Scott,32,+13969691557,2025-01-27,9000
209,Charlotte,Michalski,44,+212251341252,2019-12-13,8900
210,Barbara,Jaworska,27,+65627828274,2025-08-17,5800
211,Damian,Adamczyk,21,+48507236887,2021-09-11,8900
212,Agnieszka,Nguyea,32,+11721903404,2024-10-04,9500
213,Wojciech,Jackson,19,+11978819148,2000-11-28,9900
214,Leo,Martin,49,+11836134074,2005-05-02,9800
215,Liam,Kozłowski,29,+10395962923,2001-12-13,9900
216,Henryk,Zieliński,37,+42982544948,2020-10-04,8400
217,Victoria,Jankowska,9,+65042232536,2025-08-10,10000
218,Marta,Grabowska,37,+65671168457,2023-12-02,6700
219,Marta,Wila,38,+212751863637,2009-06-08,9900
220,Denis,Wilk,19,+12975001701,2008-07-07,8500
221,Filip,Miller,30,+10242415415,1996-05-30,7700
222,Emilia,Kina,11,+42361103712,2014-08-08,7500
223,Olivia,Olszewska,34,+48051627136,2018-11-22,7800
224,Jakub,Carter,7,+13426221890,1998-06-13,7000
225,Isabella,Kina,11,+10269731121,2023-04-24,7200
226,Olivia,Cartea,25,+13234138999,2016-03-28,7700
227,Artur,Parker,45,+42389836403,2003-09-06,9200
228,Sylwia,Jaworska,8,+212805526965,2017-09-26,8100
229,Helena,Nguyea,12,+212091043006,2020-06-03,9900
230,Dorota,Górska,41,+65661889241,2025-10-10,9900
231,Sebastian,Dąbrowski,33,+13691463031,2004-09-10,5900
232,Małgorzata,Wojciechowska,30,+48421020275,2023-11-05,8800
233,Beata,Tayloa,47,+13241056481,2017-11-14,6000
234,Alan,Baker,37,+11785079252,2023-11-12,5400
235,Julian,Campbell,7,+212380003075,2019-07-25,9300
236,Theo,Zając,12,+65353654195,2010-08-26,8500
237,Daniel,Anderson,44,+10806174451,2014-06-17,6100
238,Julia,Rodriguea,1,+42949375973,2014-10-26,6200
239,Elena,Martia,49,+12060385050,2022-04-03,6500
240,Lucia,Wrigha,25,+10836702410,2014-04-07,5600
241,Zbigniew,Taylor,27,+212918261990,2015-08-01,7900
242,Małgorzata,Wrigha,9,+42565574313,2019-11-07,6800
243,Damian,Parker,50,+12127756185,2023-06-10,5600
244,Sara,Sikora,29,+42112490352,2010-07-07,7900
245,Jakub,Baker,16,+48442067883,2015-04-12,7500
246,Szymon,Martinez,7,+48032365199,2000-02-03,5700
247,Alan,Woźniak,2,+11215107029,2012-11-16,6200
248,Małgorzata,Nelsoa,26,+65625324472,2023-08-08,5100
249,Tomasz,Lewis,40,+42768701462,2011-04-17,9100
250,Magdalena,Zalewska,42,+10806578759,2025-10-08,8300
251,Dorota,Wila,25,+48593040785,2012-08-07,6100
252,Sara,Harria,15,+10348039652,2019-02-19,5600
253,Oskar,Borkowski,38,+13905992937,2016-07-06,9700
254,Helena,Sokołowska,12,+212039308705,2020-11-09,5200
255,Isabella,Zalewska,9,+12500292185,2021-01-06,9500
256,Łukasz,Piasecki,46,+212545226752,2024-05-27,7500
257,Alina,Perea,45,+12644220969,2018-06-26,6400
258,Tomasz,Adamczyk,39,+10917251355,2015-07-04,8900
259,Igor,Young,6,+13704331541,2025-05-12,9600
260,Anastasia,Nowaa,4,+65267658617,2010-08-20,7800
261,Maja,Kina,49,+12710405411,2019-10-25,6400
262,Noah,Pawłowski,25,+212815997062,2007-09-09,9600
263,Sophia,Garcia,11,+13336884443,2014-08-22,5600
264,Szymon,Lewandowski,26,+11205061497,2024-06-12,8500
265,Franciszek,Jankowski,2,+42171467741,2016-01-27,6000
266,Clara,Martia,25,+65527047743,2008-10-06,7300
267,Denis,Thompson,4,+212158693806,2000-02-07,9800
268,Beata,Browa,35,+10741608989,2023-07-06,8600
269,Victoria,Robinsoa,10,+11223320616,2019-02-02,9800
270,Franciszek,Walker,10,+13116868548,2024-05-31,6600
271,Aleksandra,Kowalska,45,+65162299911,2025-12-01,10000
272,Lena,Parkea,7,+13646799702,2006-08-27,8400
273,Adrian,Johnson,10,+65065307450,2024-09-03,8800
274,Noah,Marciniak,20,+212324754691,2014-08-12,8100
275,Leon,Miller,14,+11850821486,2025-10-01,7600
276,Damian,Parker,34,+48233030705,2023-05-13,8600
277,Alina,Zalewska,18,+65103579727,2017-04-13,7900
278,Olivia,Lea,23,+42140602933,2023-08-23,6000
279,Clara,Olszewska,44,+65800722903,2017-11-30,6700
280,Julian,Ramirez,20,+42665743748,2024-04-23,9500
281,Charlotte,Smith,38,+13899441715,2011-09-04,5000
282,Adrian,Young,21,+42328309652,2019-09-29,6600
283,Anastasia,Wójcia,42,+42666099353,2021-06-05,6800
284,Hanna,Jacksoa,41,+13842824172,2025-06-28,9200
285,Veronika,Sawicka,47,+12513534655,2024-08-05,9800
286,Alan,Harris,19,+11099917381,2014-03-03,5700
287,Hanna,Błaszczya,34,+48223569725,2010-05-02,7600
288,Irina,Adamczya,50,+13250074329,2000-11-02,8100
289,Lucia,Króa,32,+212296666760,2025-10-18,9800
290,Tomasz,Jackson,13,+48583003354,2024-08-04,7300
291,Patryk,Mazur,25,+42210447898,2023-01-18,8700
292,Noah,Garcia,44,+11532603323,2016-04-12,7100
293,Elena,Wiśniewska,38,+212506489090,2020-09-11,6000
294,Luna,Mazua,42,+48167618472,2025-03-23,5100
295,Henryk,Hill,44,+65184992618,2013-06-27,6900
296,Anastasia,Robinsoa,8,+212739348356,2018-03-15,5700
297,Kamil,Król,3,+10753001197,2017-07-08,8100
298,Bartosz,Kozłowski,50,+212437447012,2020-03-01,5400
299,Paweł,Rutkowski,24,+65110022557,2025-07-18,7000
300,Charlotte,Walczak,47,+13216674676,2014-02-21,7300
301,Ella,Pawłowska,8,+48216979729,2016-07-08,9400
302,Maximilian,Parker,23,+12771670145,2025-02-20,5100
303,Piotr,Adams,44,+10588916375,2025-01-18,9900
304,Luna,Torrea,42,+48028772175,2020-03-01,5900
305,Stefan,Lis,18,+10866317797,2003-01-06,8200
306,Jakub,Wilson,29,+11016608801,2010-11-11,5700
307,Sophia,Robinsoa,41,+10755037589,2023-07-28,8200
308,Emma,Hernandea,46,+11113055488,2024-04-16,7300
309,Alexander,Green,7,+11261493316,1995-11-16,6000
310,Stanisław,Rodriguez,13,+212609177982,2024-06-08,7100
311,Sylwia,Nowaa,34,+65978292216,2020-02-26,5300
312,Luna,Clara,39,+65693465472,2015-09-02,8200
313,Damian,Williams,39,+13833394522,2024-03-18,6900
314,Dorota,Martia,45,+212587996846,2016-12-08,9500
315,Piotr,Taylor,7,+12003424420,1994-12-15,7400
316,Ingrid,Rutkowski,14,+48571983863,2023-12-16,8400
317,Barbara,Greea,19,+48666580043,2024-06-13,9200
318,Charlotte,Parker,29,+13989334721,2006-10-20,9000
319,Antoni,Michalski,48,+65064842294,2017-02-17,5700
320,Jan,Lis,30,+12590947985,2003-04-29,5200
321,Łukasz,Adams,21,+12818268861,2022-07-13,6400
322,Liam,Olszewski,14,+13543987801,2022-12-12,7100
323,Emilia,Majewska,29,+10056164840,2007-06-19,9100
324,Beata,Campbela,24,+11704358112,2021-11-25,8200
325,Sara,Jacksoa,35,+212336138612,2002-07-17,9000
326,Michał,Rodriguez,46,+212102481934,2016-12-28,5200
327,Agnieszka,Jaworska,29,+65506180919,2024-12-14,7500
328,Paweł,Green,5,+212449147660,2022-10-18,8200
329,Karolina,Króa,35,+65842450882,2012-01-28,5800
330,Daniel,Kamiński,1,+65881435368,2023-12-17,8800
331,Rafał,Król,12,+42312908781,2014-10-23,8900
332,Kamil,Scott,5,+10975523149,2022-03-13,5600
333,Adam,Dudek,21,+13949299556,2022-02-01,7800
334,Igor,Nowak,21,+10645257775,2019-05-26,10000
335,Vanessa,Sokołowska,32,+12914283411,2025-02-20,5600
336,Andrzej,Anderson,41,+65930848872,2020-07-03,8700
337,Leo,Smith,15,+42278816580,2023-12-17,9600
338,Luna,Borkowska,40,+12722992750,2007-09-16,9800
339,Wojciech,Phillips,32,+42530385677,2024-03-30,5400
340,Paweł,Kamiński,42,+42498926659,2019-06-26,5600
341,Ella,Woźniaa,34,+10865577908,2009-04-13,7400
342,Damian,Miller,11,+42322259136,2018-08-07,5400
343,Lucas,Nelson,8,+11739260302,2020-06-07,9300
344,Maja,Sanchea,11,+48920242869,2016-06-17,9000
345,Lena,Youna,2,+10797723692,2017-10-15,5500
346,Laura,Campbela,12,+42257991366,2023-11-02,9200
347,Patryk,Mazur,2,+65291279908,2015-12-20,8300
348,Dorota,Turnea,8,+12980686508,2016-01-29,8000
349,Ewa,Tomaszewska,31,+212624731498,2014-07-18,7200
350,Agnieszka,Wróbea,13,+48981806356,2016-06-17,9500
351,Leo,Mazur,10,+42486959463,2022-07-09,9100
352,Agnieszka,Lea,36,+13887449562,2022-12-21,6100
353,Luna,Kwiatkowska,48,+12138658902,2010-10-05,7800
354,Theo,Young,1,+11961143519,2002-05-10,5900
355,Tomasz,Nelson,25,+42902770384,2018-06-11,8900
356,Leon,Kowalczyk,39,+10920530214,2024-02-18,8300
357,Vanessa,Johnsoa,23,+65938011848,2025-06-19,7500
358,Laura,Majewska,23,+10769042681,2023-04-06,6400
359,Amelia,Woźniaa,33,+212848947697,2008-10-11,7100
360,Sara,Czarnecka,49,+11790714163,2012-01-08,9900
361,Victoria,Greea,15,+13880434165,2020-11-20,7600
362,Łukasz,Lee,12,+13394237333,2020-07-18,7000
363,Alan,Sikora,15,+13211179080,2019-08-15,6500
364,Paulina,Piasecka,40,+42728463920,2014-06-01,8100
365,Elżbieta,Jonea,31,+13627187500,2021-09-12,5200
366,Victoria,Sikora,25,+13942843479,2004-12-27,7000
367,Noah,Urban,12,+10655647292,2021-01-16,7700
368,Maja,Nguyea,15,+42386632270,2018-06-20,9600
369,Oskar,Brown,32,+13744890612,2023-12-21,9000
370,Marcin,Baran,17,+212754558845,2024-12-19,9000
371,Andrzej,Williams,8,+10998245587,2018-12-21,9300
372,Vanessa,Mitchela,29,+42722569961,2000-03-14,7400
373,Mateusz,Król,22,+13449647598,2001-09-13,7000
374,Monika,Williama,11,+12341326111,2017-07-25,5100
375,Karolina,Lea,4,+65811492164,1994-07-03,9900
376,Zbigniew,Czarnecki,48,+12282005577,2011-12-24,7800
377,Helena,Walczaa,36,+12997968845,2022-02-16,5800
378,Paulina,Martia,15,+42564240082,2018-05-08,7800
379,Liam,Górski,31,+11740649308,2021-06-12,5000
380,Alexander,Dudek,27,+65326634163,2024-01-08,7700
381,Beata,Phillipa,40,+42631224179,2012-06-18,6800
382,Monika,Walczaa,45,+13020802144,2024-07-18,6200
383,Patryk,Baker,29,+212207356475,1997-01-19,6400
384,Natalia,Greea,3,+12046187234,2007-09-29,5500
385,Maximilian,Kowalski,8,+10673037183,2025-12-17,9900
386,Karolina,Jaworska,44,+12088147435,2020-04-11,7000
387,Krzysztof,Scott,14,+65502491630,2016-10-09,6500
388,Paweł,Harris,45,+12513271950,2023-10-18,9400
389,Marcin,Mróz,42,+212273585730,2017-07-29,9400
390,Ingrid,Błaszczyk,23,+42077848739,2025-10-09,5800
391,Antoni,Martin,23,+11498218274,2023-07-11,9600
392,Alan,Martin,24,+65209593518,2020-07-19,5000
393,Theo,Dudek,34,+12945651181,2018-12-18,8100
394,Paweł,Kaczmarek,12,+212731096789,2010-07-24,6200
395,Nina,Sanchea,17,+10910371705,2020-03-05,7300
396,Amelia,Roberta,27,+48948014138,2015-06-06,10000
397,Szymon,Jankowski,47,+65338392886,2017-03-28,8400
398,Petra,Mazua,50,+13761228685,2025-11-10,8600
399,Luna,Króa,35,+13855665939,2022-01-31,7200
400,Helena,Baraa,25,+42577600490,2025-02-25,9700
401,Beata,Piotrowska,20,+10350488899,2008-06-21,6900
402,Bartosz,Jankowski,3,+12245933441,2013-07-31,7200
403,Maja,Johnsoa,37,+212572791940,2019-04-07,9600
404,Elena,Whita,25,+48556613906,2003-12-28,9900
405,Krzysztof,Sokołowski,34,+12583206799,2004-07-25,7000
406,Dorota,Kozłowska,15,+65225179086,2022-03-11,6800
407,Alan,Dąbrowski,26,+12278376938,2023-08-31,7700
408,Isabella,Mitchela,34,+212465911665,2009-03-01,6500
409,Liam,Dudek,21,+48425979270,2020-07-02,8800
410,Zbigniew,Zalewski,44,+212103924051,2021-08-30,5900
411,Sebastian,Davis,31,+10833884879,1998-06-18,7100
412,Elena,Grabowska,45,+48420439407,2003-04-21,7400
413,Ella,Kowalska,5,+42510463681,2022-12-20,9200
414,Victor,Gonzalez,39,+12387800384,2025-01-28,5500
415,Lucas,Gonzalez,26,+13554384046,2019-10-19,5100
416,Michał,Perez,18,+13621689363,2010-11-16,5900
417,Maja,Zająa,28,+13782329832,2021-06-08,8800
418,Sebastian,Hill,46,+65292518812,2021-04-20,5800
419,Victor,Grabowski,47,+13664742312,2012-09-19,9800
420,Antoni,Wójcik,49,+42999393305,2018-02-16,8900
421,Mateusz,Hill,50,+11526772233,2018-08-04,5800
422,Tomasz,Williams,49,+65333127975,2004-09-26,6700
423,Aleksandra,Czarnecka,28,+48965699988,2023-07-05,9900
424,Clara,Adama,3,+11703886086,2016-04-14,5600
425,Beata,Phillipa,41,+42764472649,2020-09-15,6200
426,Krzysztof,Hill,34,+11718129826,2023-11-28,5900
427,Agnieszka,Wila,29,+11937145211,1997-10-20,6100
428,Karol,Adams,29,+212868926860,2025-02-15,7300
429,Sara,Pawłowska,22,+12222064474,2016-10-30,9200
430,Mia,Adamczya,8,+10094077780,2025-02-09,5800
431,Sophia,Wilsoa,16,+11767199038,2009-01-18,8700
432,Adrian,Robinson,41,+12205020994,2022-06-26,5300
433,Lucas,Kozłowski,4,+12249998279,1998-03-17,7600
434,Leo,Kowalczyk,6,+13616814721,2010-02-12,7000
435,Ingrid,Stępień,22,+10390198179,2015-02-08,7600
436,Alina,Górska,28,+13299787729,2021-07-11,6600
437,Zbigniew,Adams,19,+212071396605,2002-01-18,5000
438,Liam,Perez,41,+10441448850,2022-07-15,5000
439,Karol,Nguyen,22,+48235577027,2006-10-10,7500
440,Bartosz,Walker,30,+11608495880,2020-06-19,7100
441,Henryk,White,44,+13124056829,2020-09-19,10000
442,Sophia,Jaworska,12,+42504617357,2023-03-17,5700
443,Robert,Baran,34,+212503178078,2010-06-03,6100
444,Bartosz,Dudek,22,+42521823076,2013-02-24,9600
445,Irina,Tayloa,8,+48915701840,2015-01-29,6900
446,Maja,Phillipa,20,+13334485714,2022-08-27,6300
447,Bartosz,Król,18,+212385854249,2005-11-22,5000
448,Emil,Pawłowski,5,+13870207016,2022-07-15,8900
449,Krzysztof,Kozłowski,28,+11954538179,2023-03-21,6100
450,Patryk,Kozłowski,45,+11477332945,2023-06-26,5600
451,Anna,Adamczya,45,+13770171577,2017-04-18,10000
452,Igor,Górski,50,+12816158148,2012-11-06,8800
453,Natalia,Johnsoa,38,+10827615396,2018-08-26,6500
454,Małgorzata,Thompsoa,22,+10219719975,2015-11-21,9400
455,Amelia,Jankowska,29,+65191965701,2004-08-02,6900
456,Stanisław,Piotrowski,38,+12278469973,2023-08-25,5000
457,Henryk,Nguyen,21,+42651909862,2019-12-31,8600
458,Kamil,Zieliński,24,+48851403696,2022-09-04,5300
459,Mia,Kubiaa,46,+65683272386,2018-02-19,7500
460,Leo,Brown,10,+12201027621,2020-12-22,9200
461,Damian,Allen,27,+65927868765,2019-05-01,10000
462,Wojciech,Adamczyk,28,+11384689500,2014-08-05,8600
463,Lena,Lopea,46,+11128478189,2017-10-26,5700
464,Jakub,Czarnecki,31,+212894905807,2025-09-24,9700
465,Aleksandra,Thomaa,31,+13654420949,2023-03-10,9600
466,Alan,Zieliński,41,+12904904712,2025-06-18,8700
467,Dorota,Woźniaa,18,+42440192927,2012-01-24,5800
468,Alexander,Michalski,17,+12805129276,2022-04-10,8100
469,Sara,Jaworska,16,+12395041027,2019-01-24,9600
470,Katarzyna,Hernandea,20,+10667428604,2019-01-03,9700
471,Monika,Błaszczya,44,+48185694544,2020-05-11,8300
472,Szymon,Wróbel,42,+11393852580,2022-05-26,7500
473,Victoria,Kowalska,5,+212817534430,2020-11-09,7600
474,Michał,Robinson,6,+10911192692,1999-03-30,8800
475,Karol,Green,12,+11174654214,2015-07-17,6800
476,Vanessa,Zielińska,25,+48442717396,2017-11-25,7100
477,Oskar,Allen,32,+65391741011,2023-11-25,5900
478,Maja,Cartea,17,+11200642569,2024-08-16,5100
479,Jan,Thomas,46,+65618306719,2020-07-22,8000
480,Zofia,Mróa,22,+65015851743,2022-01-18,6900
481,Oskar,Lee,3,+10461571732,2010-03-01,9200
482,Tomasz,Dudek,2,+11618478700,2024-09-23,6500
483,Noah,Zieliński,22,+65138782931,2023-10-22,5200
484,Tomasz,Mitchell,10,+48790320204,2023-03-23,9100
485,Szymon,Rodriguez,40,+212117993136,2007-12-04,8700
486,Noah,Mitchell,44,+212982530925,2022-04-18,7000
487,Adam,Kwiatkowski,18,+65258273902,2007-02-04,9800
488,Szymon,Walker,40,+12071002194,2017-02-20,9900
489,Magdalena,Hila,50,+12324876329,2018-07-25,9400
490,Ingrid,Kowalczyk,39,+11914560833,2009-04-22,9500
491,Daniel,Moore,7,+10734031277,2021-08-01,7300
492,Oskar,Król,43,+13436459701,2024-01-17,5300
493,Veronika,Lewandowska,35,+48781137995,2010-02-06,6000
494,Magdalena,Zalewska,48,+10153136363,2020-10-14,7000
495,Łukasz,Hernandez,38,+65239726527,2020-03-30,5300
496,Anastasia,Dudea,41,+10520904217,2024-03-05,6700
497,Aleksandra,Browa,11,+42929298316,2021-02-22,6400
498,Beata,Gonzalea,14,+11406335693,2022-02-21,8000
499,Olivia,Zająa,37,+48078068671,2016-11-18,7600
500,Monika,Wilsoa,16,+48632543107,2003-01-18,8500
501,Emilia,Sokołowska,11,+48772625701,2023-09-28,8600
502,Theo,Hill,22,+42649893195,2015-04-12,5200
503,Veronika,Zielińska,33,+48165790552,2025-11-03,7300
504,Clara,Perea,46,+10253817933,2011-01-20,8500
505,Oliver,Mróz,18,+65401557788,2023-05-07,9300
506,Daniel,Hernandez,46,+42795137116,2021-06-25,9300
507,Oskar,Górski,5,+42127238046,2021-05-27,6000
508,Hanna,Martia,9,+65704310385,2022-07-06,7200
509,Agnieszka,Harria,22,+13798877492,2020-11-16,9100
510,Sebastian,Pawłowski,17,+13402547292,2022-03-02,8000
511,Irina,Jacksoa,19,+12231059274,2001-07-17,6100
512,Alexander,Adamczyk,14,+48552578284,2021-10-24,9500
513,Daniel,Wójcik,26,+12752088547,2023-08-21,9900
514,Kamil,Turner,37,+11517028140,2024-04-21,5900
515,Katarzyna,Robinsoa,15,+212509398343,2022-05-07,7200
516,Andrzej,Dąbrowski,35,+212863759980,2022-03-12,9300
517,Emilia,Urbaa,26,+65565045547,2019-09-11,9500
518,Amelia,Kozłowska,14,+65742662991,2023-09-02,7800
519,Rafał,Sikora,20,+13196106462,2018-12-21,8300
520,Amelia,Martinea,46,+12326487049,2022-04-16,9800
521,Robert,Wilson,36,+48024471462,2022-07-18,6400
522,Marta,Hila,42,+212471959796,2018-08-05,5100
523,Alan,Walker,44,+212589042902,2023-12-15,9400
524,Victor,Martinez,45,+12045650448,2008-07-21,7200
525,Ava,Woźniaa,33,+12192855445,2004-04-09,9900
526,Szymon,Jackson,38,+48284576521,2017-04-07,5900
527,Stanisław,Zając,33,+212671120754,2005-06-30,6200
528,Ingrid,Urban,9,+13240132234,2022-02-25,8800
529,Patryk,Sikora,9,+212107603108,2018-01-28,7700
530,Olivia,Zielińska,31,+48140119393,2002-10-11,6600
531,Antoni,Scott,23,+12495528938,2021-11-15,5500
532,Lena,Szymańska,7,+48833428013,2019-10-03,9800
533,Dorota,Adama,31,+12712566383,2013-11-18,9400
534,Agnieszka,Wojciechowska,49,+11182754801,2011-06-14,5700
535,Oliver,Wilson,8,+11947386463,2019-05-08,6800
536,Adam,Hernandez,44,+48716781126,2021-07-09,6100
537,Katarzyna,Hila,38,+12153539613,2011-08-30,9700
538,Ewa,Nelsoa,32,+42657967842,2024-05-17,9800
539,Sara,Rodriguea,7,+11732010170,1999-04-20,6600
540,Oskar,Błaszczyk,39,+42991187734,2015-11-24,5900
541,Luna,Wilsoa,32,+13880061675,2025-01-03,6600
542,Maximilian,Miller,30,+12842762467,1997-12-29,5200
543,Lucia,Wojciechowska,37,+11782806479,2024-05-24,8100
544,Maximilian,Lewis,44,+42500902559,2021-03-10,9900
545,Michał,Phillips,41,+212655650333,2023-12-25,7400
546,Clara,Sokołowska,38,+212415208507,2011-04-14,9400
547,Luna,Jonea,37,+42079056965,2022-08-07,7600
548,Maja,Jankowska,32,+10578529456,2023-11-16,9400
549,Franciszek,Wilson,41,+10440496391,2020-12-31,8400
550,Irina,Harria,7,+42198763514,2020-05-15,7100
551,Dorota,Marciniaa,28,+65649878208,2021-06-15,6200
552,Antoni,White,32,+11489690835,2024-03-11,9200
553,Natalia,Grabowska,16,+42665136442,2006-01-26,9700
554,Julian,Nguyen,39,+10123034778,2011-10-28,7500
555,Małgorzata,Jonea,42,+12420448207,2016-04-06,6200
556,Andrzej,Zieliński,6,+42165162319,2010-10-10,8800
557,Veronika,Andersoa,8,+42713915596,2020-11-19,9200
558,Petra,Roberta,16,+12123476490,2018-04-16,6300
559,Marta,Jacksoa,24,+65734257540,2012-11-24,7000
560,Clara,Ramirea,3,+10486451837,2022-08-20,5300
561,Theo,Kowalski,26,+212343275604,2020-11-25,6900
562,Mateusz,Parker,32,+65561248156,2024-11-30,9700
563,Sophia,Cartea,36,+48027206345,2019-06-24,7900
564,Maja,Dąbrowska,8,+12965772429,2016-10-20,6500
565,Oliver,Górski,13,+13266930089,2017-05-06,7600
566,Mia,Tomaszewska,6,+42206969421,2017-06-08,6200
567,Alexander,Pawłowski,37,+65771333447,2018-02-21,5000
568,Maximilian,Kaczmarek,28,+10436262044,2019-01-23,8800
569,Stefan,Robinson,29,+11107256366,2007-10-28,7300
570,Veronika,Clara,17,+48053759900,2020-06-11,5600
571,Julian,Anderson,40,+65528092428,2017-05-10,6900
572,Sylwia,Kołodziea,30,+13862415027,2002-04-19,5500
573,Adrian,Roberts,24,+42948562572,2020-01-05,6800
574,Amelia,Wrigha,41,+10203207427,2025-02-02,5300
575,Małgorzata,Wojciechowska,32,+13877712151,2023-09-16,7800
576,Henryk,Górski,12,+42993908926,2013-08-19,9700
577,Łukasz,Czarnecki,50,+212504165915,2019-07-23,9300
578,Bartosz,Wójcik,6,+11749050975,2017-05-03,9500
579,Elena,Cartea,37,+48450189616,2018-04-11,6300
580,Julian,Michalski,16,+48326642147,2017-03-19,5500
581,Małgorzata,Mitchela,20,+12515837767,2023-09-09,8800
582,Denis,Thompson,39,+65592661085,2020-03-17,5500
583,Natalia,Torrea,15,+12788147617,2024-08-10,9300
584,Robert,Zając,9,+10864908108,2024-11-13,6900
585,Grzegorz,Thomas,28,+11945491801,2023-09-10,5600
586,Veronika,Wrigha,30,+12601645977,2004-06-07,10000
587,Charlotte,Sawicki,22,+12194168006,1999-11-10,6300
588,Karol,Kowalski,11,+65974995641,2024-02-21,7900
589,Patryk,Piotrowski,1,+48303723683,2006-10-30,5700
590,Jakub,Marciniak,50,+11601227770,2017-12-31,5900
591,Monika,Harria,16,+65050166799,2008-05-08,6800
592,Elena,Lea,19,+65789973080,1995-01-10,8100
593,Ewa,Whita,21,+42671795760,2022-11-04,5400
594,Filip,Górski,47,+13738395972,2016-05-14,8000
595,Kamil,Nelson,46,+13729341722,2018-04-22,7600
596,Franciszek,Król,39,+65743380054,2023-04-23,5600
597,Ethan,Torres,11,+48156193183,2017-05-11,8200
598,Marta,Sawicka,22,+48842891077,2007-05-26,9900
599,Klara,Wojciechowska,7,+212808121352,2021-03-17,8900
600,Elena,Rutkowska,46,+11125521376,2019-06-15,9800
601,Sara,Campbela,1,+13482145653,2009-04-10,8000
602,Bartosz,Turner,49,+10266678507,2016-04-12,7600
603,Rafał,Campbell,1,+212556260602,2021-06-23,5400
604,Maja,Zielińska,41,+65684550489,2025-12-26,6800
605,Rafał,Green,26,+10899756341,2023-01-15,9100
606,Tomasz,Jackson,22,+12884318848,2008-12-15,9600
607,Noah,Turner,41,+48894346810,2021-12-13,5100
608,Alexander,Sawicki,41,+212017490753,2025-11-05,7200
609,Petra,Harria,37,+10544926831,2024-11-03,9000
610,Oliver,Taylor,38,+13712661106,2013-09-12,9900
611,Patryk,Hernandez,14,+13869886497,2020-07-05,5400
612,Ava,Jonea,29,+65228277288,2018-08-23,9600
613,Daniel,Hill,14,+48285196115,2020-08-12,8000
614,Maja,Rutkowska,3,+212545447022,2016-05-19,5900
615,Olivia,Browa,4,+10270185106,2007-01-04,6800
616,Paulina,Whita,20,+13679228777,2021-01-05,7800
617,Bartosz,Carter,21,+65636580741,2017-08-21,8900
618,Igor,Adams,2,+42818139890,2024-04-04,9000
619,Lena,Tayloa,13,+48182043397,2024-10-25,8000
620,Mateusz,Jackson,39,+48705626085,2015-08-09,7500
621,Maximilian,Wróbel,6,+12422412462,2001-11-01,5600
622,Marcin,Lewis,21,+48461526546,2018-09-03,5100
623,Daniel,Lewandowski,13,+10788614057,2019-02-01,9800
624,Julia,Williama,5,+65304891382,2023-07-04,5100
625,Robert,Thompson,27,+10258238687,2018-11-17,5500
626,Paweł,Nowak,30,+12007494653,2024-03-23,6800
627,Laura,Thomaa,19,+212416128463,1995-05-29,6000
628,Isabella,Andersoa,21,+42743553795,2024-04-14,7100
629,Andrzej,Hill,9,+11002687681,2024-06-11,5000
630,Ella,Kina,5,+11156956201,2023-10-24,5100
631,Natalia,Piasecka,13,+10045319433,2021-05-20,5000
632,Sylwia,Urbaa,3,+10036149872,2005-07-10,8100
633,Julia,Dudea,43,+12192124938,2025-12-29,8600
634,Elena,Stępiea,13,+48894870605,2025-11-27,9300
635,Małgorzata,Williama,18,+11758030468,2006-03-21,9300
636,Monika,Kubiaa,1,+13190361332,2015-11-06,6200
637,Lucas,Sokołowski,5,+212076095431,2024-04-20,9000
638,Karolina,Borkowska,22,+10199717911,1993-11-26,7100
639,Marcin,Kowalczyk,25,+212207049611,2014-07-10,9400
640,Victoria,Zielińska,36,+65619639907,2013-04-27,6800
641,Theo,Martinez,28,+48785931109,2016-09-12,7100
642,Irina,Szymańska,38,+12845679723,2013-09-21,8600
643,Damian,Kamiński,4,+65854982274,1999-01-18,6900
644,Sophia,Kołodziea,19,+12038806533,2009-11-28,5000
645,Ava,Zalewska,5,+11795995946,2022-09-15,6200
646,Lucas,Król,7,+48730337933,2014-03-14,10000
647,Paulina,Mitchela,50,+65362050150,2012-01-31,9700
648,Amelia,Wojciechowska,10,+10950033423,2020-12-31,7800
649,Alan,Nelson,12,+10230241026,2017-06-24,8500
650,Ella,Wojciechowska,22,+11355289611,2000-11-22,6900
651,Rafał,Kaczmarek,13,+65559630993,2018-07-20,8400
652,Zofia,Rutkowska,10,+48428973179,2021-06-01,6500
653,Adam,Pawłowski,33,+13787255877,2012-12-26,9800
654,Karolina,Walczaa,38,+48333736346,2018-05-16,9000
655,Maximilian,White,11,+212214785390,2021-10-30,6600
656,Natalia,Thomaa,40,+11766575460,2015-05-11,7700
657,Oskar,Miller,15,+212514888143,2020-04-28,9100
658,Szymon,Kwiatkowski,5,+10535444392,2022-10-23,5200
659,Klara,Bakea,48,+48445669078,2017-10-15,6600
660,Lucia,Zająa,26,+10738987751,2020-08-03,6400
661,Victor,Dudek,28,+11780529240,2023-10-18,6300
662,Sylwia,Wrigha,23,+65668459090,2023-08-13,6400
663,Damian,Zając,22,+65636186371,2016-12-13,9000
664,Lucas,Thompson,29,+212218209702,2025-05-07,6900
665,Franciszek,Szymański,25,+10481705802,2013-03-15,6300
666,Oliver,Williams,26,+12867163234,2019-10-19,5700
667,Małgorzata,Adama,43,+42938743027,2025-04-03,6000
668,Adam,Johnson,39,+13977790147,2012-04-21,8300
669,Liam,Green,46,+12632967629,2016-03-22,7500
670,Szymon,Smith,45,+12484137681,2004-06-08,6500
671,Alexander,Woźniak,49,+13672438070,2006-10-05,8200
672,Łukasz,Young,45,+13636004125,2023-03-13,7400
673,Emilia,Roberta,30,+212183727422,2018-02-15,7900
674,Andrzej,Ramirez,7,+212862104275,2001-10-08,6800
675,Oskar,Baran,46,+10708164709,2010-04-29,9300
676,Jan,Lewandowski,50,+10353310600,2014-02-21,9900
677,Noah,Dudek,44,+212220681558,2014-09-11,6400
678,Mia,Dudea,40,+65613315520,2009-07-23,8400
679,Katarzyna,Kina,21,+10731495013,2016-10-09,7400
680,Agnieszka,Marciniaa,50,+212892419562,2024-01-28,8100
681,Lucas,Michalski,41,+11150997683,2023-09-21,9200
682,Dorota,Sanchea,46,+48914363910,2009-11-06,6400
683,Damian,Piasecki,32,+12630397524,2024-06-04,6200
684,Victor,Allen,49,+65403553380,2005-04-16,8300
685,Emilia,Czarnecka,44,+65852701713,2018-04-08,8800
686,Krzysztof,Young,10,+212298338167,2020-01-12,5800
687,Sebastian,Pawłowski,47,+65293449734,2016-06-27,6500
688,Paulina,Dąbrowska,24,+12776896270,2019-04-19,7400
689,Lucia,Błaszczya,28,+42982824674,2016-04-17,9800
690,Aleksandra,Górska,25,+11152732300,2025-09-08,8800
691,Dorota,Cartea,47,+65665674916,2020-06-13,8100
692,Tomasz,Kwiatkowski,25,+10645875066,2025-11-03,6000
693,Veronika,Czarnecka,16,+13024972439,2020-10-01,5200
694,Laura,Wrigha,11,+212669183626,2013-09-19,5700
695,Julian,Hill,20,+65946119524,2019-07-22,8400
696,Petra,Sikora,48,+42027011686,2014-07-14,9400
697,Ella,Górska,47,+12522372817,2021-09-21,6000
698,Lena,Baraa,12,+12346791214,2014-05-14,5300
699,Mateusz,Błaszczyk,8,+13093771004,2018-02-19,5400
700,Klara,Nowaa,43,+48138069847,2025-07-22,10000
701,Karolina,Turnea,22,+13555356690,2018-07-29,7700
702,Ethan,Lis,7,+65209184357,1993-12-16,7900
703,Charlotte,Nguyen,43,+65305050573,2025-04-03,8200
704,Sophia,Gonzalea,26,+212567164932,2024-11-27,10000
705,Beata,Whita,46,+12714872717,2020-11-13,5200
706,Luna,Martia,16,+12116025643,2010-03-28,6300
707,Anastasia,Wróbea,43,+212287153991,2025-04-04,9200
708,Clara,Kołodziea,25,+65334141115,2017-08-03,9100
709,Veronika,Sanchea,13,+13256904098,2024-09-30,5700
710,Leon,Jaworski,28,+13289931608,2021-08-06,9900
711,Aleksandra,Kubiaa,10,+11729420954,2021-01-25,6400
712,Dorota,Hila,8,+11374605233,2018-02-06,9500
713,Nina,Mitchela,4,+65420865675,2001-05-09,8100
714,Klara,Smita,26,+42438612590,2018-11-04,8300
715,Alina,Marciniaa,30,+12774233305,2025-09-29,6000
716,Anastasia,Whita,7,+12662015720,2024-03-31,10000
717,Daniel,Thomas,42,+65263013674,2019-08-24,8700
718,Ingrid,Clark,12,+65176475011,2024-07-01,9700
719,Mateusz,Kwiatkowski,32,+10099974192,2025-05-23,9200
720,Theo,Lopez,42,+42921518260,2023-09-24,7700
721,Anna,Perea,35,+212898131292,2025-12-27,8100
722,Jan,Perez,29,+48293218401,2010-10-13,5700
723,Daniel,Anderson,20,+12603408487,2016-06-24,8400
724,Damian,White,32,+13988310303,2025-07-17,7000
725,Rafał,Marciniak,14,+10954296184,2017-01-04,8800
726,Alan,Błaszczyk,42,+65714628314,2025-12-25,6000
727,Ava,Greea,42,+13989262566,2018-01-04,9500
728,Michał,Ramirez,16,+212818615155,2002-10-19,6700
729,Vanessa,Walczaa,10,+48163611284,2020-04-09,6700
730,Olivia,Gonzalea,7,+42849102562,2017-07-19,7200
731,Liam,Mitchell,44,+65792408222,2025-03-15,8500
732,Maximilian,Thompson,48,+13396727578,2011-08-09,5300
733,Artur,Stępień,28,+212465111312,2019-07-24,6900
734,Maja,Zielińska,6,+11068277881,2009-07-07,8500
735,Katarzyna,Kowalska,40,+48685389097,2008-10-18,9700
736,Igor,Torres,49,+12152850676,2016-02-22,6400
737,Igor,Piasecki,8,+10814474430,2018-10-28,9300
738,Veronika,Walkea,37,+42807970509,2021-03-29,6300
739,Aleksandra,Lia,20,+48526501673,2016-04-06,5600
740,Mateusz,Moore,33,+212702437654,2002-06-22,7600
741,Leo,Jones,12,+212772256053,2021-11-21,6700
742,Karol,Dudek,19,+65650237416,1995-03-04,5800
743,Marta,Lea,32,+12568621102,2025-11-02,9300
744,Bartosz,Majewski,33,+10056906744,1996-03-10,9900
745,Marta,Dąbrowska,49,+12823414363,2014-01-08,6500
746,Karolina,Adama,7,+12392312604,2025-04-09,9600
747,Leon,Grabowski,28,+10106684335,2014-10-28,8900
748,Ewa,Lopea,4,+48414545635,2016-03-11,7700
749,Krzysztof,Adamczyk,3,+13347491624,1992-12-14,5300
750,Marta,Urbaa,22,+212082555989,2005-02-11,5700
751,Alexander,Borkowski,42,+65112910933,2018-12-11,6300
752,Alina,Davia,7,+13473820236,1997-03-06,8400
753,Julia,Bakea,17,+13716176880,2025-11-28,7200
754,Igor,Clark,18,+48903678812,2006-07-17,6800
755,Joanna,Turnea,33,+65694320293,2012-10-22,8500
756,Olivia,Greea,1,+42434481230,2021-04-09,7900
757,Zofia,Borkowska,19,+12424033810,1995-02-13,9000
758,Ella,Majewska,41,+212842694500,2024-04-17,7000
759,Ethan,Olszewski,47,+42089164983,2018-05-01,6100
760,Joanna,Olszewska,21,+65273652717,2019-08-26,6300
761,Antoni,Rodriguez,12,+11240422693,2013-10-22,6200
762,Adam,Grabowski,5,+11618209166,2023-03-08,6500
763,Andrzej,Wojciechowski,1,+10142900185,2000-03-25,5800
764,Alina,Dąbrowska,13,+11245723084,2017-12-17,8000
765,Mia,Martia,8,+212841862030,2015-04-09,5200
766,Zbigniew,Jones,25,+42361721314,2007-01-30,7200
767,Ethan,Woźniak,40,+13109226859,2015-03-28,5700
768,Antoni,Torres,28,+42945147541,2017-10-18,9200
769,Jan,Zając,50,+12677119642,2003-10-15,7000
770,Jakub,Wilk,9,+65557676952,2019-03-27,9900
771,Ella,Czarnecka,25,+11887883619,2019-04-02,8500
772,Irina,Browa,34,+10135030587,2016-08-07,9900
773,Damian,Wojciechowski,4,+12472863330,2008-12-28,7300
774,Petra,Piotrowska,8,+12606501917,2025-10-27,9400
775,Emma,Króa,2,+12131096227,2014-09-22,7300
776,Petra,Piotrowska,48,+42765704120,2017-06-08,9400
777,Clara,Kowalczya,39,+12066784984,2009-01-06,8200
778,Alina,Tomaszewska,28,+212862369036,2017-12-11,6700
779,Antoni,Roberts,36,+11756620563,2025-09-20,5400
780,Denis,Mazur,7,+13034281139,1997-04-23,7300
781,Piotr,Turner,20,+10034199097,2012-07-14,8500
782,Paweł,Lewandowski,21,+48546835652,2017-09-06,6900
783,Nina,Torrea,7,+212820967904,2008-09-06,7600
784,Filip,Zając,44,+212332288985,2023-08-31,5500
785,Monika,Kaczmarea,22,+65063399129,2004-07-05,7300
786,Mia,Wilsoa,7,+42817175242,1994-06-28,5900
787,Adam,Stępień,37,+212127474721,2020-11-25,7200
788,Lena,Gonzalea,3,+65692758955,2009-03-27,6800
789,Mateusz,Nguyen,27,+42090380214,2021-07-27,7800
790,Maximilian,Król,37,+10671577871,2021-04-21,5400
791,Mateusz,Adamczyk,47,+65365155973,2014-06-27,7500
792,Nina,Mitchela,31,+11082723590,2002-07-28,6700
793,Emma,Parkea,25,+65730306442,2003-04-09,7300
794,Mateusz,Grabowski,5,+212476834201,2022-04-29,7500
795,Ewa,Kołodziea,49,+10567782659,2011-01-23,6000
796,Theo,Kowalski,36,+212992550272,2025-07-17,6200
797,Sylwia,Kubiaa,8,+65480727910,2023-12-01,9300
798,Stanisław,Roberts,13,+12963533905,2021-02-10,9400
799,Leo,Wiśniewski,20,+212776655868,2015-03-18,8200
800,Lucia,Lia,8,+11652892866,2025-06-03,6100
801,Artur,Wright,45,+42911110961,2022-02-06,9000
802,Sylwia,Roberta,49,+212789046337,2018-05-24,8400
803,Julia,Błaszczya,8,+212576605384,2017-03-24,8000
804,Denis,Wright,17,+65306000258,2023-01-27,10000
805,Veronika,Clara,21,+65386396096,2020-05-24,6000
806,Patryk,Young,25,+13826312819,2008-04-06,7500
807,Anna,Phillipa,41,+12531106092,2023-01-27,8500
808,Michał,Robinson,46,+65027523343,2021-09-29,5500
809,Zofia,Czarnecka,47,+42041209117,2020-07-15,9900
810,Emma,Kwiatkowska,7,+42211753617,2000-03-07,6800
811,Andrzej,Williams,5,+212366572240,2023-07-09,9000
812,Oskar,Wright,37,+48155799802,2023-11-27,8800
813,Beata,Mitchela,17,+48808823513,2020-12-27,6200
814,Michał,Wilk,9,+12447315847,2019-08-30,5500
815,Petra,Wilsoa,28,+10423461994,2025-12-04,7500
816,Igor,Sikora,47,+11694591966,2022-12-31,7700
817,Franciszek,Thompson,23,+212720849649,2023-10-22,9000
818,Clara,Moora,23,+212256253135,2023-12-11,5100
819,Alexander,Grabowski,50,+48505379538,2011-04-26,5700
820,Adam,Jaworski,19,+10184919665,2020-05-11,6300
821,Victor,Zalewski,13,+11046117295,2016-12-15,8100
822,Olivia,Jaworska,16,+42090742608,2025-03-05,5100
823,Elżbieta,Kamińska,22,+212716445561,2020-05-21,5100
824,Amelia,Parkea,21,+48647715910,2022-03-05,8900
825,Wojciech,Lewandowski,1,+13632135800,2004-06-29,5600
826,Alan,Kamiński,8,+212459642297,2015-07-28,6900
827,Daniel,Kaczmarek,21,+65718839774,2018-04-19,9800
828,Oliver,Campbell,47,+212441583311,2022-11-19,6400
829,Sylwia,Zielińska,14,+10763715398,2015-08-27,9200
830,Barbara,Kubiaa,49,+11281235679,2025-08-01,6900
831,Barbara,Zalewska,50,+212462491271,2015-03-01,6200
832,Petra,Wojciechowska,16,+12407875418,2000-01-24,7900
833,Mateusz,Mróz,28,+65868507451,2019-03-09,5900
834,Krzysztof,King,25,+42362948978,2019-06-05,6200
835,Małgorzata,Mazua,44,+10131009431,2014-05-25,9100
836,Zofia,Jankowska,18,+65661347323,2010-12-01,8900
837,Liam,Young,19,+42012897432,2025-01-10,8800
838,Victor,Nguyen,5,+13720765024,2021-09-22,6100
839,Łukasz,Pawłowski,44,+13790737100,2013-06-30,8800
840,Lena,Nguyea,19,+12211457758,2003-08-10,8300
841,Julian,Wright,32,+11054589714,2024-04-21,7300
842,Hanna,Tayloa,47,+65325703965,2012-07-09,5900
843,Henryk,Roberts,6,+212487824556,2005-05-21,7400
844,Olivia,Browa,18,+48985916795,2014-08-19,6200
845,Artur,Wojciechowski,1,+12728498247,2020-08-25,9300
846,Artur,Szymański,19,+48349107406,1994-01-24,7900
847,Ethan,Wright,1,+12548821423,2000-07-04,6600
848,Małgorzata,Harria,6,+48753666144,2009-09-26,6400
849,Emma,Sokołowska,12,+13923426834,2022-07-04,7700
850,Sebastian,Dąbrowski,20,+11826612875,2021-01-13,9000
851,Dorota,Nguyea,46,+13676670806,2017-07-28,7900
852,Jakub,Turner,9,+10985298940,2024-02-04,6900
853,Klara,Smita,9,+48787010415,2021-09-18,9200
854,Emma,Jankowska,19,+13019803828,2018-09-24,8000
855,Veronika,Wilsoa,9,+12440793110,2019-09-14,9300
856,Bartosz,Ramirez,8,+10317087601,2020-11-11,5600
857,Robert,Johnson,31,+42979162022,2005-09-12,6500
858,Petra,Wrigha,16,+10774419754,2006-12-24,8200
859,Anna,Jaworska,45,+65620471960,2007-04-17,7900
860,Laura,Marciniaa,3,+11052774025,2021-11-13,9100
861,Dorota,Andersoa,14,+65812259572,2019-06-02,9500
862,Adrian,Phillips,43,+212767929884,2024-10-09,7500
863,Patryk,Green,21,+13996100231,2023-03-29,8700
864,Emilia,Mazua,32,+13331266109,2025-07-01,8000
865,Julian,Wojciechowski,3,+13902517629,1996-03-14,7800
866,Amelia,Zalewska,13,+11433268319,2019-03-26,8100
867,Michał,Walker,43,+48205698152,2024-03-11,6300
868,Hanna,Cartea,47,+10397855982,2023-11-26,8100
869,Adam,Miller,28,+212284117309,2022-11-12,5400
870,Helena,Lia,2,+42651241893,2016-06-15,6800
871,Beata,Lewia,33,+48819740056,2009-08-01,7500
872,Alan,Zalewski,22,+12385037199,2025-10-07,5300
873,Nina,Phillipa,3,+65991872401,2008-06-11,5400
874,Tomasz,Wilson,33,+13674300038,2005-09-06,9100
875,Sophia,Błaszczya,44,+11066266821,2013-09-07,8500
876,Joanna,Kwiatkowska,40,+10560331903,2016-10-05,7200
877,Agnieszka,Roberta,49,+48030102724,2024-04-29,10000
878,Paweł,Kubiak,23,+10429671114,2025-02-01,9100
879,Helena,Sikora,32,+13374584384,2025-07-28,9700
880,Victor,Green,35,+48569741328,2024-10-17,5600
881,Zbigniew,Sokołowski,48,+212520377107,2018-01-03,6300
882,Tomasz,Walczak,18,+212049670667,2017-12-28,6900
883,Paweł,Olszewski,14,+65804085095,2019-10-05,6100
884,Alan,Turner,38,+48596601864,2014-03-27,9800
885,Zofia,Martinea,28,+65732044138,2020-04-05,6000
886,Kamil,Kołodziej,37,+42544901495,2021-04-02,5200
887,Alan,Michalski,29,+11070578360,2017-06-10,5100
888,Laura,Dąbrowska,18,+212724447232,2025-06-29,7000
889,Rafał,Robinson,42,+212028795083,2016-05-28,6400
890,Marcin,Baker,17,+13809351187,2022-07-06,5100
891,Karol,Thomas,5,+13956164205,2022-02-13,6300
892,Sophia,Urbaa,22,+13749025042,2009-10-08,9100
893,Olivia,Wójcia,7,+13889536902,2021-02-20,6300
894,Maximilian,Phillips,42,+10989868180,2016-09-23,5400
895,Sophia,Hernandea,43,+11543943535,2025-05-24,8300
896,Zbigniew,Rodriguez,21,+10765158815,2025-01-10,5700
897,Ella,Lopea,39,+65392836929,2011-07-26,7800
898,Alan,Górski,22,+212668297327,2005-07-17,5700
899,Piotr,Pawłowski,8,+11120602128,2019-09-23,6600
900,Elżbieta,Jaworska,28,+65834155999,2022-05-17,5800
901,Grzegorz,Nelson,3,+13767647229,1996-03-28,9700
902,Barbara,Dąbrowska,10,+13765728941,2017-10-29,8700
903,Zbigniew,Marciniak,32,+65456522036,2024-07-20,5300
904,Beata,Stępiea,37,+212542144773,2023-09-23,7000
905,Igor,Górski,17,+42213882090,2020-10-24,6400
906,Helena,Jacksoa,13,+48534967827,2016-06-22,8100
907,Kamil,Wojciechowski,46,+11674124151,2025-05-24,5700
908,Petra,Olszewska,47,+12854781506,2013-09-22,7000
909,Szymon,Adams,34,+48032963347,2010-10-06,6200
910,Bartosz,Gonzalez,12,+12318306178,2020-12-31,6800
911,Isabella,Sikora,46,+65496935782,2013-07-19,5200
912,Robert,Tomaszewski,19,+11695874131,2023-05-01,8100
913,Klara,Phillipa,19,+13361275156,2012-03-09,7800
914,Alina,Kaczmarea,50,+65304483608,2018-11-29,8100
915,Sara,Wila,17,+65766404735,2023-03-09,7600
916,Ava,Kamińska,20,+10928319952,2018-05-14,7600
917,Sophia,Martia,2,+212558108358,2011-11-26,7400
918,Franciszek,Król,35,+10425563830,2019-12-15,9500
919,Tomasz,Wiśniewski,49,+212867024403,2025-06-29,8300
920,Mia,Campbela,45,+42166241118,2013-07-27,5200
921,Anastasia,Adama,49,+48089219639,2020-10-31,7600
922,Sebastian,Wilk,28,+48447314976,2025-12-02,9700
923,Kamil,Jones,6,+42748836076,2006-08-30,7600
924,Alexander,Phillips,35,+10906375791,2007-01-26,7800
925,Clara,Sokołowska,22,+212182379312,1997-11-29,9000
926,Katarzyna,Lewia,31,+10074645205,2020-12-02,9600
927,Ingrid,Thompson,39,+42387875357,2019-06-20,5000
928,Alina,Lopea,33,+212161620281,2020-06-18,9700
929,Igor,Zalewski,29,+65728728660,2001-10-13,5200
930,Kamil,Kwiatkowski,28,+42859592248,2021-01-10,9600
931,Hanna,Sikora,40,+42773522870,2016-12-02,8300
932,Victor,Brown,12,+212043318751,2013-03-25,8000
933,Marcin,Robinson,30,+212583503446,2023-01-17,6000
934,Laura,Cartea,20,+65488319213,2016-07-24,8900
935,Adrian,Michalski,17,+12896599949,2025-12-11,5600
936,Emilia,Hernandea,14,+10319222705,2017-05-23,5000
937,Łukasz,Lewandowski,9,+65754813866,2022-12-07,7800
938,Vanessa,Jaworska,46,+42858193242,2020-03-11,7200
939,Małgorzata,Perea,29,+42186520575,2018-09-01,9400
940,Elena,Jonea,14,+10652037583,2022-06-05,8500
941,Jan,Sanchez,20,+13480940476,2015-09-10,5600
942,Paweł,Green,46,+48907977278,2015-03-24,6700
943,Grzegorz,Kowalczyk,24,+12221610705,2011-01-05,8900
944,Szymon,Martin,18,+48552958066,2009-06-20,9100
945,Emilia,Scota,4,+12412704938,1996-03-27,6200
946,Agnieszka,Michalska,41,+42851579197,2020-03-11,6900
947,Jakub,Wojciechowski,6,+212259020357,2004-11-17,9600
948,Mateusz,Nelson,16,+10240642429,2013-02-15,9300
949,Victor,Williams,15,+10244741759,2019-06-17,6700
950,Leo,Majewski,50,+11209628936,2026-01-01,8300
951,Liam,Allen,44,+13884183437,2019-10-02,6300
952,Alan,Kowalczyk,8,+12727955969,2020-10-30,9200
953,Tomasz,Wilk,45,+13026755125,2007-03-03,9000
954,Sebastian,Król,30,+48797996673,2020-11-27,6100
955,Julian,Nelson,24,+11640381664,2023-11-04,7100
956,Maja,Johnsoa,38,+12498392250,2010-01-07,6000
957,Jakub,Sokołowski,50,+11627023244,2003-07-23,7200
958,Mateusz,Adamczyk,16,+212328507251,2008-06-10,7700
959,Karolina,Lea,44,+10767316252,2022-02-12,9400
960,Katarzyna,Campbela,21,+65968157903,2019-10-24,9300
961,Sophia,Michalska,50,+13580996132,2007-10-05,7300
962,Sylwia,Dudea,3,+65156262446,2002-05-28,6900
963,Victoria,Lopea,3,+12268171516,2004-08-21,7600
964,Piotr,Król,21,+65707660464,2018-01-30,8600
965,Veronika,Youna,8,+13758512686,2021-10-20,7800
966,Victoria,Dąbrowska,10,+42389760740,2017-10-26,7100
967,Daniel,Gonzalez,30,+13465408424,2012-11-05,5300
968,Ethan,Brown,2,+42091508632,2021-06-13,7000
969,Mateusz,Jackson,7,+12764579389,1999-06-23,9600
970,Aleksandra,Kamińska,5,+48291681546,2022-08-15,7300
971,Katarzyna,Wiśniewska,12,+212613944988,2015-08-15,9600
972,Emil,Hill,4,+11364248096,2010-02-09,8600
973,Antoni,Torres,19,+65306244795,2005-08-06,5000
974,Szymon,Olszewski,15,+13319497969,2017-07-20,9500
975,Lucas,Martin,25,+48555572773,2021-10-21,8500
976,Zofia,Greea,11,+65091785138,2022-03-10,6600
977,Alexander,Marciniak,19,+11029929596,2007-07-06,7800
978,Magdalena,Phillipa,2,+11368269116,2017-10-18,8500
979,Stanisław,Baran,8,+12268653694,2021-06-07,6800
980,Victor,Campbell,24,+13888636774,2024-07-02,5600
981,Monika,Króa,12,+48857216966,2018-10-31,6800
982,Agnieszka,Dudea,41,+10299819960,2020-06-24,8900
983,Oliver,Lewis,16,+11150968832,2006-10-15,8600
984,Aleksandra,Piasecka,47,+11352410397,2017-06-04,6100
985,Aleksandra,Czarnecka,44,+12781952371,2023-03-25,6500
986,Jan,Roberts,3,+65876164819,2023-07-11,9300
987,Clara,Jacksoa,46,+11046056876,2010-01-31,7800
988,Daniel,Mazur,10,+212256523734,2020-09-07,9800
989,Szymon,Lis,42,+11734547574,2023-08-18,5400
990,Lena,Stępiea,39,+12284035954,2002-11-01,9800
991,Sebastian,Baker,11,+11422294643,2020-04-10,8000
992,Michał,Baran,38,+48458867925,2016-03-04,5900
993,Clara,Zająa,38,+13672872760,2020-08-13,7000
994,Emilia,Szymańska,22,+10324913577,2001-07-19,6900
995,Lena,Youna,1,+10506158148,2021-10-12,6400
996,Zofia,Mitchela,35,+11983342337,2005-10-10,5300
997,Oskar,Kamiński,39,+42131284033,2013-02-25,8500
998,Emil,Harris,49,+11180513717,2017-06-09,8000
999,Mateusz,Hernandez,13,+10974909617,2017-07-09,8400
1000,Vanessa,Allea,13,+11046947258,2023-01-02,9000
