id,course_id,customer_id,status,created_at,description,amount_paid
1,1,1526,PAID,2023-07-21,,20.0
2,1,290134,PAID,2023-04-25,,100.0
3,1,20294,FAILED,2023-06-06,,60.0
4,1,141459,PAID,2023-12-16,,0.0
5,1,134315,NOT_PAID,2023-03-16,,100.0
6,1,48300,PAID,2023-07-10,,60.0
7,1,230341,FAILED,2023-09-27,,70.0
8,1,220033,FAILED,2023-09-12,,70.0
9,1,94624,PAID,2023-09-18,,0.0
10,1,195730,REFUNDED,2023-09-02,,80.0
11,1,197549,REFUNDED,2023-07-01,,100.0
12,1,87735,PENDING,2023-09-28,,60.0
13,1,50356,CANCELED,2023-03-19,,80.0
14,1,200146,PAID,2023-09-03,,100.0
15,1,178652,FAILED,2023-04-12,,20.0
16,1,283268,NOT_PAID,2023-12-23,,80.0
17,1,87788,REFUNDED,2023-07-07,,60.0
18,1,209962,PAID,2023-11-16,,60.0
19,1,247752,PAID,2023-11-17,,100.0
20,2,92789,PAID,2023-04-21,,1600.0
21,2,9941,PAID,2023-11-07,,1600.0
22,2,280208,PAID,2023-08-31,,1600.0
23,2,87590,CANCELED,2023-02-22,,1280.0
24,2,232207,PENDING,2023-05-13,,1280.0
25,2,144981,REFUNDED,2023-09-20,,1120.0
26,2,135054,REFUNDED,2023-07-22,,0.0
27,2,189470,CANCELED,2023-03-31,,960.0
28,2,69125,PAID,2023-08-04,,1280.0
29,2,9042,NOT_PAID,2023-07-08,,960.0
30,2,247849,FAILED,2023-11-15,,1600.0
31,2,113036,PAID,2023-07-14,,1280.0
32,2,76877,NOT_PAID,2023-03-30,,1280.0
33,2,8903,REFUNDED,2023-05-03,,1600.0
34,2,29760,FAILED,2023-09-07,,0.0
35,2,121865,PAID,2023-11-30,,1120.0
36,2,288235,PENDING,2023-09-03,,1280.0
37,3,81525,PENDING,2023-05-15,,180.0
38,3,230947,NOT_PAID,2023-05-13,,180.0
39,3,84871,NOT_PAID,2023-08-14,,630.0
40,3,287840,PAID,2023-05-13,,630.0
41,3,149240,PAID,2023-06-27,,630.0
42,3,29818,PAID,2023-05-06,,720.0
43,3,11845,FAILED,2023-10-11,,0.0
44,3,42153,PENDING,2023-05-27,,0.0
45,3,207888,PAID,2023-05-07,,0.0
46,3,169468,PENDING,2023-02-04,,180.0
47,4,204156,CANCELED,2023-06-16,,0.0
48,4,99311,NOT_PAID,2023-04-21,,400.0
49,4,96068,PAID,2023-11-10,,400.0
50,4,276253,NOT_PAID,2023-03-23,,280.0
51,4,30918,PAID,2023-11-15,,80.0
52,4,254754,CANCELED,2023-09-26,,400.0
53,4,94066,REFUNDED,2023-07-15,,400.0
54,4,183217,PENDING,2023-04-23,,280.0
55,4,292467,PAID,2023-09-08,,80.0
56,4,297605,PAID,2023-10-13,,240.0
57,5,279443,REFUNDED,2023-04-22,,400.0
58,5,157838,PAID,2023-11-02,,240.0
59,5,285275,PAID,2023-05-02,,240.0
60,5,50833,PAID,2023-07-12,,0.0
61,5,244608,PAID,2023-04-09,,240.0
62,5,174249,PAID,2023-10-16,,320.0
63,5,34763,PAID,2023-05-16,,80.0
64,5,37868,PAID,2023-05-04,,0.0
65,5,111079,CANCELED,2023-07-26,,400.0
66,5,297353,PAID,2023-01-21,,280.0
67,5,35146,REFUNDED,2023-02-22,,240.0
68,5,271218,PAID,2023-02-01,,240.0
69,5,195740,PAID,2023-11-27,,400.0
70,6,73591,REFUNDED,2023-12-17,,140.0
71,6,269107,PENDING,2023-05-15,,200.0
72,6,203362,CANCELED,2023-01-24,,160.0
73,6,292936,FAILED,2023-02-01,,40.0
74,6,43310,CANCELED,2023-05-03,,160.0
75,6,85638,PAID,2023-01-29,,140.0
76,6,248375,PENDING,2023-05-17,,0.0
77,7,227162,PAID,2023-01-18,,0.0
78,7,240568,PENDING,2023-09-16,,210.0
79,7,174197,CANCELED,2023-01-13,,300.0
80,7,277927,FAILED,2023-11-26,,300.0
81,7,202248,REFUNDED,2023-09-01,,180.0
82,7,104706,PENDING,2023-12-24,,300.0
83,7,101018,CANCELED,2023-07-15,,300.0
84,7,173036,PAID,2023-04-19,,0.0
85,7,178978,NOT_PAID,2023-04-30,,0.0
86,7,103492,REFUNDED,2023-03-09,,60.0
87,7,159730,PAID,2023-04-17,,60.0
88,7,162942,PENDING,2023-11-26,,60.0
89,7,17705,PAID,2023-12-15,,300.0
90,7,273639,PENDING,2023-02-23,,0.0
91,7,128557,PAID,2023-07-06,,240.0
92,7,56950,PENDING,2023-02-03,,60.0
93,7,219801,FAILED,2023-12-02,,0.0
94,7,291326,FAILED,2023-07-05,,240.0
95,8,49178,REFUNDED,2023-08-20,,0.0
96,8,174769,PAID,2023-09-19,,480.0
97,8,93993,PENDING,2023-04-11,,480.0
98,8,121962,PAID,2023-09-03,,120.0
99,8,282744,PAID,2023-08-13,,120.0
100,8,208654,PAID,2023-01-25,,420.0
101,8,5588,REFUNDED,2023-03-13,,600.0
102,8,250096,NOT_PAID,2023-11-26,,120.0
103,8,63404,PAID,2023-12-01,,600.0
104,9,247989,CANCELED,2023-07-31,,1200.0
105,9,126746,REFUNDED,2023-01-30,,0.0
106,9,276303,NOT_PAID,2023-04-30,,1200.0
107,9,83233,PAID,2023-10-18,,1200.0
108,9,209889,CANCELED,2023-05-12,,960.0
109,9,200845,PENDING,2023-08-02,,1200.0
110,9,156579,NOT_PAID,2023-05-31,,960.0
111,9,199035,PAID,2023-05-07,,0.0
112,9,261988,NOT_PAID,2023-02-22,,240.0
113,9,112594,NOT_PAID,2023-12-04,,960.0
114,10,185591,PAID,2023-02-15,,240.0
115,10,287460,PAID,2023-12-14,,300.0
116,10,196962,FAILED,2023-12-02,,210.0
117,10,163503,REFUNDED,2023-07-03,,180.0
118,10,242428,CANCELED,2023-11-26,,0.0
119,10,141030,PAID,2023-11-29,,300.0
120,10,228179,FAILED,2023-02-08,,300.0
121,10,95078,CANCELED,2023-10-23,,300.0
122,10,53570,PAID,2023-05-15,,300.0
123,10,295601,PAID,2023-12-02,,0.0
124,10,101411,PAID,2023-04-18,,210.0
125,10,78585,PAID,2023-08-07,,240.0
126,10,162691,PAID,2023-09-14,,300.0
127,10,198349,CANCELED,2023-10-06,,60.0
128,10,223837,REFUNDED,2023-11-29,,0.0
129,10,43398,CANCELED,2023-11-10,,240.0
130,10,69476,PAID,2023-12-01,,210.0
131,11,82564,FAILED,2023-12-23,,1200.0
132,11,68559,REFUNDED,2023-04-15,,840.0
133,11,256509,REFUNDED,2023-11-05,,1200.0
134,11,261679,FAILED,2023-06-09,,0.0
135,11,199278,NOT_PAID,2023-04-15,,720.0
136,11,277987,NOT_PAID,2023-12-09,,1200.0
137,11,265340,PAID,2023-11-15,,840.0
138,11,112305,CANCELED,2023-01-14,,960.0
139,11,6288,PAID,2023-07-26,,240.0
140,11,297051,PENDING,2023-08-01,,960.0
141,11,55694,PAID,2023-06-20,,960.0
142,11,169801,PENDING,2023-05-18,,840.0
143,11,268737,FAILED,2023-03-16,,720.0
144,11,79494,PENDING,2023-06-03,,0.0
145,11,185675,PAID,2023-07-07,,720.0
146,11,124884,PENDING,2023-07-12,,720.0
147,11,27701,REFUNDED,2023-10-28,,1200.0
148,11,275093,REFUNDED,2023-11-03,,720.0
149,11,43833,PAID,2023-06-20,,1200.0
150,11,158692,PAID,2023-05-02,,1200.0
151,12,33986,PENDING,2023-06-05,,800.0
152,12,74816,NOT_PAID,2023-06-01,,800.0
153,12,73634,CANCELED,2023-03-23,,560.0
154,12,253353,FAILED,2023-01-01,,640.0
155,12,153742,FAILED,2023-08-24,,560.0
156,12,180994,PENDING,2023-01-29,,560.0
157,12,11992,PAID,2023-05-15,,800.0
158,12,203802,CANCELED,2023-01-03,,800.0
159,12,276301,PENDING,2023-09-19,,800.0
160,12,91355,FAILED,2023-02-21,,560.0
161,12,38903,REFUNDED,2023-04-01,,0.0
162,12,204809,PAID,2023-12-05,,800.0
163,12,223470,PAID,2023-04-04,,0.0
164,12,297054,PAID,2023-01-13,,560.0
165,12,22398,REFUNDED,2023-10-17,,640.0
166,13,288868,NOT_PAID,2023-08-04,,40.0
167,13,188692,NOT_PAID,2023-03-03,,140.0
168,13,113537,PAID,2023-04-16,,140.0
169,13,27166,NOT_PAID,2023-05-13,,120.0
170,13,38184,FAILED,2023-05-09,,200.0
171,13,270759,PAID,2023-03-10,,200.0
172,13,239563,NOT_PAID,2023-08-15,,40.0
173,13,189514,REFUNDED,2023-12-02,,120.0
174,13,163606,CANCELED,2023-09-17,,0.0
175,13,29404,REFUNDED,2023-05-26,,200.0
176,13,123538,PAID,2023-09-26,,200.0
177,13,169242,PAID,2023-02-14,,40.0
178,13,26339,PAID,2023-12-05,,140.0
179,13,54425,FAILED,2023-06-22,,200.0
180,13,298980,PAID,2023-05-23,,160.0
181,13,235632,PENDING,2023-11-09,,40.0
182,13,265642,PAID,2023-10-24,,200.0
183,13,205699,PAID,2023-05-24,,140.0
184,14,139044,CANCELED,2023-08-09,,960.0
185,14,22357,NOT_PAID,2023-06-22,,1200.0
186,14,241002,PAID,2023-10-25,,840.0
187,14,61747,FAILED,2023-06-28,,0.0
188,14,38275,PAID,2023-02-26,,840.0
189,14,148475,PAID,2023-02-25,,0.0
190,14,124234,REFUNDED,2023-11-20,,0.0
191,14,85735,FAILED,2023-09-12,,0.0
192,14,158673,PAID,2023-04-14,,240.0
193,14,40139,PAID,2023-08-14,,720.0
194,14,236792,PAID,2023-12-06,,720.0
195,14,202847,PAID,2023-10-16,,240.0
196,14,183215,PAID,2023-02-25,,840.0
197,14,114264,PAID,2023-09-27,,720.0
198,15,111448,FAILED,2023-08-26,,800.0
199,15,273579,REFUNDED,2023-09-12,,800.0
200,15,213674,PAID,2023-05-14,,800.0
201,15,222924,PAID,2023-05-24,,800.0
202,15,192076,PAID,2023-12-12,,800.0
203,15,33891,NOT_PAID,2023-12-04,,800.0
204,15,190078,PAID,2023-12-01,,800.0
205,15,212380,CANCELED,2023-11-01,,800.0
206,15,266575,PAID,2023-07-14,,800.0
207,15,24913,NOT_PAID,2023-05-20,,800.0
208,15,170608,PAID,2023-10-26,,800.0
209,15,288191,FAILED,2023-03-28,,800.0
210,15,142383,PAID,2023-06-01,,800.0
211,15,23031,FAILED,2023-06-26,,800.0
212,16,212995,CANCELED,2023-02-23,,630.0
213,16,191678,NOT_PAID,2023-07-13,,0.0
214,16,51634,PAID,2023-11-22,,630.0
215,16,31530,NOT_PAID,2023-05-04,,630.0
216,16,117869,PENDING,2023-02-17,,630.0
217,16,261515,FAILED,2023-11-12,,0.0
218,16,268758,PENDING,2023-12-17,,630.0
219,16,233087,REFUNDED,2023-12-07,,180.0
220,16,145232,PAID,2023-08-08,,540.0
221,16,75986,REFUNDED,2023-10-16,,900.0
222,16,5516,PENDING,2023-02-24,,0.0
223,16,212385,REFUNDED,2023-03-23,,0.0
224,16,233818,PAID,2023-11-19,,630.0
225,16,45197,FAILED,2023-07-19,,720.0
226,16,290186,PAID,2023-07-08,,900.0
227,17,154989,PAID,2023-05-04,,1280.0
228,17,154537,CANCELED,2023-12-10,,1600.0
229,17,297782,CANCELED,2023-12-16,,1600.0
230,17,74700,CANCELED,2023-02-04,,1600.0
231,17,111117,PAID,2023-05-31,,0.0
232,17,200879,NOT_PAID,2023-10-29,,1120.0
233,17,262113,PAID,2023-04-30,,1120.0
234,17,80551,PAID,2023-10-09,,1600.0
235,17,47769,PENDING,2023-01-27,,320.0
236,17,143301,PAID,2023-02-12,,1600.0
237,17,93701,CANCELED,2023-09-27,,960.0
238,17,287226,REFUNDED,2023-07-20,,1600.0
239,17,94316,PAID,2023-11-08,,0.0
240,17,80853,FAILED,2023-02-21,,1280.0
241,17,255217,PENDING,2023-05-09,,1120.0
242,17,149224,NOT_PAID,2023-06-21,,1120.0
243,17,163027,CANCELED,2023-07-09,,1280.0
244,17,156190,PAID,2023-01-01,,1280.0
245,17,60137,PAID,2023-04-26,,0.0
246,18,238582,NOT_PAID,2023-03-20,,600.0
247,18,153454,PENDING,2023-03-14,,600.0
248,18,92442,PAID,2023-05-07,,0.0
249,18,125487,PENDING,2023-05-14,,600.0
250,18,259051,FAILED,2023-07-16,,420.0
251,18,235606,PENDING,2023-03-27,,360.0
252,18,20696,PAID,2023-04-16,,120.0
253,18,221898,PAID,2023-04-20,,120.0
254,18,84652,CANCELED,2023-09-23,,480.0
255,19,292110,CANCELED,2023-08-20,,140.0
256,19,159550,PAID,2023-02-10,,200.0
257,19,50462,REFUNDED,2023-07-30,,160.0
258,19,76901,CANCELED,2023-04-23,,200.0
259,19,213999,PAID,2023-04-12,,160.0
260,19,76495,PENDING,2023-10-11,,200.0
261,19,4535,CANCELED,2023-11-30,,120.0
262,19,63688,PAID,2023-09-30,,0.0
263,19,287578,PENDING,2023-09-15,,200.0
264,19,62441,PAID,2023-07-05,,0.0
265,19,142341,REFUNDED,2023-11-27,,0.0
266,19,179640,FAILED,2023-01-27,,200.0
267,19,124360,FAILED,2023-06-05,,200.0
268,19,268661,REFUNDED,2023-05-02,,160.0
269,19,210226,NOT_PAID,2023-12-04,,0.0
270,19,154608,FAILED,2023-11-20,,40.0
271,19,12993,REFUNDED,2023-12-09,,140.0
272,20,252970,CANCELED,2023-03-29,,100.0
273,20,265615,REFUNDED,2023-09-07,,100.0
274,20,9231,PAID,2023-09-07,,0.0
275,20,197326,PAID,2023-09-04,,100.0
276,20,200155,NOT_PAID,2023-04-03,,70.0
277,20,290722,NOT_PAID,2023-04-04,,80.0
278,20,6357,CANCELED,2023-09-02,,80.0
279,20,187825,PAID,2023-08-17,,70.0
280,20,55847,NOT_PAID,2023-12-15,,0.0
281,20,197340,CANCELED,2023-03-31,,60.0
282,20,207630,REFUNDED,2023-08-15,,100.0
283,20,204935,PAID,2023-06-19,,100.0
284,20,280377,CANCELED,2023-01-16,,70.0
285,20,6080,PAID,2023-06-16,,20.0
286,20,227056,PAID,2023-03-15,,60.0
287,20,4809,NOT_PAID,2023-07-07,,80.0
288,20,289521,NOT_PAID,2023-12-30,,100.0
289,20,98358,CANCELED,2023-09-06,,100.0
290,20,47772,PAID,2023-02-07,,20.0
291,20,78618,NOT_PAID,2023-09-22,,0.0
292,21,45169,PENDING,2023-02-28,,200.0
293,21,19418,FAILED,2023-06-19,,120.0
294,21,289333,PENDING,2023-01-01,,200.0
295,21,299616,CANCELED,2023-08-08,,40.0
296,21,113589,PAID,2023-05-21,,140.0
297,21,104697,NOT_PAID,2023-06-25,,120.0
298,21,256083,PAID,2023-03-20,,140.0
299,21,82916,FAILED,2023-12-16,,40.0
300,21,100705,PAID,2023-12-25,,200.0
301,21,226297,PAID,2023-01-23,,200.0
302,21,202436,PAID,2023-09-05,,200.0
303,21,259292,PAID,2023-11-29,,40.0
304,21,121071,PENDING,2023-10-02,,200.0
305,21,705,NOT_PAID,2023-05-25,,200.0
306,21,117091,PAID,2023-05-22,,0.0
307,21,37537,CANCELED,2023-06-14,,140.0
308,21,257063,REFUNDED,2023-11-17,,0.0
309,21,171188,PENDING,2023-12-17,,160.0
310,21,103032,FAILED,2023-08-01,,200.0
311,21,186583,FAILED,2023-06-25,,120.0
312,22,104231,PAID,2023-10-13,,1600.0
313,22,212804,PAID,2023-03-25,,960.0
314,22,147883,PAID,2023-04-19,,1600.0
315,22,96017,PAID,2023-10-14,,0.0
316,22,132673,PAID,2023-10-27,,1600.0
317,22,62861,NOT_PAID,2023-10-09,,1280.0
318,22,236828,PAID,2023-10-13,,320.0
319,22,46953,REFUNDED,2023-10-31,,1600.0
320,22,197188,FAILED,2023-06-28,,1280.0
321,22,102337,CANCELED,2023-12-12,,1600.0
322,23,15372,PENDING,2023-07-05,,180.0
323,23,98986,PAID,2023-11-25,,180.0
324,23,189517,NOT_PAID,2023-04-20,,180.0
325,23,197954,PAID,2023-09-01,,300.0
326,23,214572,NOT_PAID,2023-01-02,,210.0
327,23,58193,REFUNDED,2023-04-07,,300.0
328,23,12026,PAID,2023-04-18,,60.0
329,23,246213,PENDING,2023-05-25,,210.0
330,23,158008,CANCELED,2023-12-29,,300.0
331,23,98956,NOT_PAID,2023-09-30,,60.0
332,23,25960,PENDING,2023-11-07,,180.0
333,23,163588,REFUNDED,2023-02-06,,60.0
334,23,16522,PENDING,2023-10-28,,60.0
335,23,62068,REFUNDED,2023-01-23,,0.0
336,23,71311,NOT_PAID,2023-01-21,,60.0
337,23,278086,REFUNDED,2023-04-28,,180.0
338,23,29999,PAID,2023-02-24,,240.0
339,23,211664,CANCELED,2023-04-08,,240.0
340,24,172390,FAILED,2023-04-24,,0.0
341,24,6167,PAID,2023-05-11,,600.0
342,24,47377,FAILED,2023-05-08,,120.0
343,24,54642,PAID,2023-01-25,,0.0
344,24,109357,NOT_PAID,2023-09-09,,360.0
345,24,112060,NOT_PAID,2023-01-25,,480.0
346,24,130693,PAID,2023-09-19,,420.0
347,24,274930,CANCELED,2023-08-28,,120.0
348,24,238698,FAILED,2023-02-05,,420.0
349,24,234440,FAILED,2023-11-20,,360.0
350,25,4421,CANCELED,2023-06-26,,400.0
351,25,83981,PAID,2023-03-08,,400.0
352,25,45326,PAID,2023-04-21,,280.0
353,25,251052,PAID,2023-11-23,,320.0
354,25,77347,CANCELED,2023-03-05,,400.0
355,25,159770,PAID,2023-08-13,,240.0
356,25,218049,PAID,2023-08-15,,280.0
357,26,55752,PENDING,2023-03-28,,240.0
358,26,275497,NOT_PAID,2023-12-09,,300.0
359,26,22768,PENDING,2023-08-16,,0.0
360,26,150760,NOT_PAID,2023-06-26,,0.0
361,26,146013,CANCELED,2023-10-18,,300.0
362,26,44313,PENDING,2023-03-22,,60.0
363,26,228962,PAID,2023-12-02,,60.0
364,26,71532,FAILED,2023-01-02,,0.0
365,27,26753,REFUNDED,2023-09-01,,200.0
366,27,298127,NOT_PAID,2023-11-23,,200.0
367,27,83725,PAID,2023-04-23,,200.0
368,27,186831,PAID,2023-09-04,,40.0
369,27,218120,FAILED,2023-08-27,,160.0
370,27,249414,PAID,2023-06-25,,200.0
371,27,146607,REFUNDED,2023-09-06,,0.0
372,28,101121,CANCELED,2023-02-21,,160.0
373,28,12608,CANCELED,2023-12-21,,800.0
374,28,243304,CANCELED,2023-11-20,,640.0
375,28,55464,REFUNDED,2023-09-23,,800.0
376,28,166370,PENDING,2023-07-11,,640.0
377,28,6139,PAID,2023-07-22,,160.0
378,28,159420,NOT_PAID,2023-09-04,,640.0
379,28,256687,PENDING,2023-03-28,,800.0
380,28,132936,CANCELED,2023-02-12,,160.0
381,28,38779,REFUNDED,2023-08-08,,0.0
382,28,242690,PENDING,2023-11-03,,0.0
383,28,147222,NOT_PAID,2023-07-05,,560.0
384,28,197141,PAID,2023-12-06,,640.0
385,28,156349,NOT_PAID,2023-07-18,,640.0
386,28,82429,PAID,2023-03-05,,480.0
387,28,45334,NOT_PAID,2023-11-09,,560.0
388,28,281103,NOT_PAID,2023-12-25,,480.0
389,28,55524,PAID,2023-08-05,,640.0
390,28,198883,CANCELED,2023-04-10,,160.0
391,29,25494,PAID,2023-03-15,,140.0
392,29,114146,FAILED,2023-11-21,,120.0
393,29,131805,PENDING,2023-11-12,,200.0
394,29,235903,PAID,2023-07-28,,160.0
395,29,186846,PAID,2023-04-03,,0.0
396,29,142702,REFUNDED,2023-05-25,,120.0
397,29,15692,CANCELED,2023-08-28,,0.0
398,29,176335,FAILED,2023-11-09,,200.0
399,29,32271,PAID,2023-09-10,,40.0
400,29,19787,FAILED,2023-03-17,,200.0
401,29,295647,PAID,2023-08-11,,0.0
402,29,90987,PAID,2023-08-22,,160.0
403,30,81290,FAILED,2023-04-26,,240.0
404,30,46313,PAID,2023-04-17,,240.0
405,30,263016,PAID,2023-10-21,,180.0
406,30,221572,CANCELED,2023-04-01,,240.0
407,30,228504,NOT_PAID,2023-09-27,,300.0
408,30,146426,NOT_PAID,2023-02-01,,60.0
409,30,59409,CANCELED,2023-08-22,,240.0
410,30,187600,REFUNDED,2023-08-28,,300.0
411,30,10280,PENDING,2023-06-29,,300.0
412,31,94337,FAILED,2023-01-27,,120.0
413,31,74322,FAILED,2023-10-19,,120.0
414,31,44681,PENDING,2023-09-08,,360.0
415,31,11665,CANCELED,2023-07-31,,360.0
416,31,251122,PAID,2023-08-08,,120.0
417,31,184945,PAID,2023-08-23,,420.0
418,31,78961,PAID,2023-10-29,,420.0
419,31,153947,FAILED,2023-09-05,,420.0
420,31,206969,REFUNDED,2023-10-01,,600.0
421,31,156456,CANCELED,2023-04-10,,0.0
422,31,133788,NOT_PAID,2023-02-08,,420.0
423,31,118003,PENDING,2023-03-15,,600.0
424,31,81820,FAILED,2023-01-24,,480.0
425,31,48245,FAILED,2023-01-16,,0.0
426,31,84324,FAILED,2023-06-05,,0.0
427,31,188220,PENDING,2023-05-13,,480.0
428,31,110338,PAID,2023-09-05,,360.0
429,31,106180,FAILED,2023-08-21,,600.0
430,31,250062,PENDING,2023-01-31,,600.0
431,31,158324,PAID,2023-09-18,,480.0
432,32,157654,CANCELED,2023-10-15,,210.0
433,32,89903,PENDING,2023-08-09,,60.0
434,32,252851,REFUNDED,2023-09-05,,300.0
435,32,248695,CANCELED,2023-06-03,,210.0
436,32,86038,PAID,2023-07-25,,180.0
437,32,259330,CANCELED,2023-07-12,,300.0
438,32,105807,NOT_PAID,2023-03-09,,300.0
439,32,182344,NOT_PAID,2023-06-18,,180.0
440,32,270530,FAILED,2023-06-07,,300.0
441,32,82551,FAILED,2023-06-29,,240.0
442,32,101590,PAID,2023-03-08,,0.0
443,32,183298,PAID,2023-04-04,,60.0
444,32,53043,NOT_PAID,2023-07-03,,240.0
445,33,220246,FAILED,2023-03-22,,800.0
446,33,238307,CANCELED,2023-08-17,,800.0
447,33,247249,FAILED,2023-07-19,,800.0
448,33,40134,CANCELED,2023-03-23,,800.0
449,33,155849,PAID,2023-04-20,,800.0
450,33,105499,PAID,2023-02-22,,800.0
451,33,269364,PENDING,2023-07-24,,800.0
452,33,222692,PAID,2023-11-02,,800.0
453,33,47188,PAID,2023-04-18,,800.0
454,33,33107,PENDING,2023-12-21,,800.0
455,33,242723,FAILED,2023-02-16,,800.0
456,33,24220,REFUNDED,2023-01-13,,800.0
457,33,142151,CANCELED,2023-04-09,,800.0
458,33,56295,PAID,2023-11-08,,800.0
459,33,271427,FAILED,2023-12-29,,800.0
460,33,223290,PAID,2023-12-27,,800.0
461,33,91981,PAID,2023-06-20,,800.0
462,33,252737,PAID,2023-11-19,,800.0
463,33,18520,REFUNDED,2023-09-14,,800.0
464,34,128549,PAID,2023-12-23,,1120.0
465,34,229881,NOT_PAID,2023-01-17,,1600.0
466,34,42619,CANCELED,2023-10-09,,1280.0
467,34,205220,PAID,2023-08-14,,320.0
468,34,130456,PAID,2023-06-21,,1600.0
469,34,29734,REFUNDED,2023-01-14,,1600.0
470,34,42461,REFUNDED,2023-05-10,,1600.0
471,34,148636,FAILED,2023-04-04,,0.0
472,34,27257,FAILED,2023-12-16,,0.0
473,34,195356,PENDING,2023-12-21,,960.0
474,34,272135,PENDING,2023-10-14,,1600.0
475,34,243447,PAID,2023-07-28,,0.0
476,34,7969,NOT_PAID,2023-11-13,,1600.0
477,34,87195,NOT_PAID,2023-08-01,,1600.0
478,34,39569,PENDING,2023-12-17,,0.0
479,34,185028,NOT_PAID,2023-05-21,,1280.0
480,34,54509,PAID,2023-04-14,,1600.0
481,34,254959,REFUNDED,2023-12-10,,0.0
482,34,253494,REFUNDED,2023-03-09,,960.0
483,34,6246,PAID,2023-04-28,,1280.0
484,35,57629,PAID,2023-09-24,,0.0
485,35,253411,PAID,2023-06-09,,70.0
486,35,146296,PENDING,2023-02-05,,0.0
487,35,76344,NOT_PAID,2023-06-02,,60.0
488,35,50999,NOT_PAID,2023-09-20,,20.0
489,35,125556,PAID,2023-12-24,,60.0
490,35,143909,PAID,2023-04-17,,80.0
491,35,152950,REFUNDED,2023-04-27,,0.0
492,35,235826,PAID,2023-08-09,,60.0
493,35,297778,NOT_PAID,2023-01-15,,60.0
494,35,82437,PAID,2023-10-12,,100.0
495,35,77211,CANCELED,2023-11-15,,70.0
496,35,11007,PAID,2023-03-17,,100.0
497,35,200022,FAILED,2023-02-12,,20.0
498,35,110940,REFUNDED,2023-12-13,,60.0
499,35,131035,PAID,2023-08-16,,20.0
500,35,123031,PAID,2023-11-04,,70.0
501,35,89085,PENDING,2023-07-13,,20.0
502,36,174454,PENDING,2023-03-25,,800.0
503,36,80365,NOT_PAID,2023-01-13,,160.0
504,36,50396,PAID,2023-11-09,,160.0
505,36,25748,FAILED,2023-12-21,,800.0
506,36,218017,REFUNDED,2023-05-11,,160.0
507,36,68310,FAILED,2023-03-11,,800.0
508,36,276894,REFUNDED,2023-03-12,,560.0
509,36,264585,CANCELED,2023-09-17,,160.0
510,36,23179,NOT_PAID,2023-12-08,,480.0
511,36,15842,PENDING,2023-06-12,,160.0
512,36,20540,PAID,2023-05-20,,560.0
513,36,37390,PAID,2023-01-19,,800.0
514,36,107295,PAID,2023-05-23,,800.0
515,36,261436,CANCELED,2023-07-18,,800.0
516,36,146087,REFUNDED,2023-08-27,,560.0
517,36,203961,CANCELED,2023-05-20,,160.0
518,36,145334,PAID,2023-08-08,,640.0
519,37,84856,PAID,2023-12-02,,80.0
520,37,146359,PAID,2023-09-11,,240.0
521,37,230701,PENDING,2023-09-30,,240.0
522,37,127510,FAILED,2023-01-21,,400.0
523,37,173128,REFUNDED,2023-08-05,,400.0
524,37,95442,CANCELED,2023-01-15,,0.0
525,37,33452,CANCELED,2023-11-02,,280.0
526,38,22542,CANCELED,2023-12-28,,960.0
527,38,270968,PAID,2023-05-21,,1200.0
528,38,139074,NOT_PAID,2023-06-24,,1200.0
529,38,227118,PENDING,2023-11-22,,1200.0
530,38,102336,PAID,2023-08-20,,0.0
531,38,18527,REFUNDED,2023-01-13,,720.0
532,38,218354,FAILED,2023-06-01,,0.0
533,38,216926,PAID,2023-01-21,,1200.0
534,38,101538,PENDING,2023-09-18,,720.0
535,38,75259,PAID,2023-03-04,,840.0
536,38,261284,PENDING,2023-09-02,,720.0
537,38,109257,PAID,2023-04-26,,840.0
538,38,233760,NOT_PAID,2023-12-11,,720.0
539,38,286188,PENDING,2023-09-29,,0.0
540,38,81685,PAID,2023-05-17,,240.0
541,38,260982,REFUNDED,2023-03-22,,1200.0
542,38,128149,FAILED,2023-03-17,,960.0
543,39,54468,PAID,2023-05-04,,40.0
544,39,165092,NOT_PAID,2023-06-14,,200.0
545,39,88308,CANCELED,2023-06-03,,40.0
546,39,247059,CANCELED,2023-07-12,,140.0
547,39,228324,NOT_PAID,2023-02-25,,200.0
548,39,286910,FAILED,2023-03-09,,40.0
549,39,223163,FAILED,2023-12-22,,120.0
550,40,213656,CANCELED,2023-11-30,,300.0
551,40,116452,FAILED,2023-06-23,,210.0
552,40,62159,CANCELED,2023-05-13,,180.0
553,40,235158,FAILED,2023-05-13,,180.0
554,40,1560,PAID,2023-11-15,,180.0
555,40,185320,PAID,2023-11-21,,240.0
556,40,175935,FAILED,2023-05-30,,180.0
557,40,50621,REFUNDED,2023-01-20,,300.0
558,40,133355,CANCELED,2023-05-03,,0.0
559,40,205496,REFUNDED,2023-05-26,,0.0
560,40,94144,NOT_PAID,2023-11-20,,0.0
561,40,243792,PENDING,2023-07-23,,300.0
562,41,162703,PAID,2023-04-28,,0.0
563,41,173957,PAID,2023-03-08,,200.0
564,41,222856,NOT_PAID,2023-05-26,,200.0
565,41,270995,REFUNDED,2023-01-14,,120.0
566,41,89744,FAILED,2023-03-16,,200.0
567,41,215793,PAID,2023-07-18,,140.0
568,41,151121,PAID,2023-04-14,,0.0
569,41,17128,PAID,2023-11-15,,160.0
570,41,281931,CANCELED,2023-08-25,,200.0
571,41,271567,PAID,2023-02-09,,40.0
572,41,28403,PAID,2023-05-29,,200.0
573,41,165630,PAID,2023-09-12,,0.0
574,41,116680,CANCELED,2023-01-27,,40.0
575,41,77470,PAID,2023-12-03,,0.0
576,41,261362,PENDING,2023-04-12,,40.0
577,41,98901,REFUNDED,2023-10-12,,200.0
578,41,49402,PAID,2023-08-02,,160.0
579,41,109305,REFUNDED,2023-06-14,,0.0
580,41,142849,PAID,2023-12-07,,40.0
581,42,251952,NOT_PAID,2023-08-02,,960.0
582,42,268820,PAID,2023-10-27,,240.0
583,42,239691,PENDING,2023-10-22,,240.0
584,42,292449,PAID,2023-07-16,,1200.0
585,42,160121,PAID,2023-04-25,,0.0
586,42,49504,NOT_PAID,2023-11-02,,960.0
587,42,123394,CANCELED,2023-10-31,,1200.0
588,43,5678,PAID,2023-07-20,,320.0
589,43,283566,PAID,2023-11-07,,320.0
590,43,54973,PAID,2023-10-14,,80.0
591,43,53409,REFUNDED,2023-10-17,,400.0
592,43,4408,PAID,2023-01-21,,0.0
593,43,227565,PAID,2023-03-25,,280.0
594,43,287475,PAID,2023-11-11,,280.0
595,43,179283,PAID,2023-12-26,,80.0
596,43,49236,NOT_PAID,2023-11-24,,0.0
597,43,4035,PENDING,2023-04-20,,400.0
598,43,146073,PENDING,2023-01-14,,80.0
599,43,140539,FAILED,2023-11-20,,400.0
600,43,345,REFUNDED,2023-12-26,,0.0
601,43,236023,PAID,2023-07-02,,240.0
602,43,141606,PAID,2023-01-04,,0.0
603,43,185235,PAID,2023-10-03,,320.0
604,43,214854,PAID,2023-01-13,,320.0
605,43,294071,NOT_PAID,2023-12-08,,320.0
606,43,151485,PENDING,2023-06-07,,0.0
607,43,28800,PENDING,2023-10-02,,0.0
608,44,278293,REFUNDED,2023-12-30,,540.0
609,44,16243,PAID,2023-01-16,,180.0
610,44,46426,NOT_PAID,2023-06-14,,180.0
611,44,261852,REFUNDED,2023-07-21,,900.0
612,44,53936,PENDING,2023-03-02,,630.0
613,44,139773,CANCELED,2023-10-21,,0.0
614,44,298128,NOT_PAID,2023-09-30,,180.0
615,44,252209,PENDING,2023-01-21,,0.0
616,44,183,CANCELED,2023-12-02,,900.0
617,44,149354,PAID,2023-05-26,,720.0
618,44,10153,NOT_PAID,2023-08-07,,900.0
619,44,9090,REFUNDED,2023-05-23,,900.0
620,44,204064,NOT_PAID,2023-03-08,,630.0
621,44,276621,FAILED,2023-10-30,,720.0
622,44,280773,PAID,2023-10-12,,0.0
623,44,98772,FAILED,2023-09-29,,630.0
624,44,133217,REFUNDED,2023-06-30,,630.0
625,44,196529,NOT_PAID,2023-09-10,,720.0
626,44,254644,PAID,2023-09-30,,900.0
627,44,130231,PAID,2023-11-02,,180.0
628,45,229726,REFUNDED,2023-05-07,,1200.0
629,45,283420,REFUNDED,2023-01-22,,960.0
630,45,258750,PAID,2023-08-20,,240.0
631,45,101186,NOT_PAID,2023-06-26,,0.0
632,45,243259,FAILED,2023-10-21,,0.0
633,45,82651,CANCELED,2023-06-27,,720.0
634,45,216037,PAID,2023-10-28,,1200.0
635,45,145228,PAID,2023-08-07,,240.0
636,45,235247,PAID,2023-01-24,,960.0
637,45,258104,PENDING,2023-06-15,,0.0
638,45,44238,FAILED,2023-10-27,,840.0
639,45,76601,REFUNDED,2023-09-05,,1200.0
640,45,58521,NOT_PAID,2023-07-14,,1200.0
641,45,28188,REFUNDED,2023-12-05,,1200.0
642,45,214839,FAILED,2023-06-05,,0.0
643,45,276956,NOT_PAID,2023-11-24,,960.0
644,45,96102,FAILED,2023-12-21,,240.0
645,46,154371,FAILED,2023-06-17,,100.0
646,46,113826,PENDING,2023-01-16,,100.0
647,46,266150,REFUNDED,2023-09-27,,100.0
648,46,3276,FAILED,2023-05-03,,100.0
649,46,188110,PAID,2023-02-17,,100.0
650,46,214153,PAID,2023-05-11,,100.0
651,46,273926,FAILED,2023-05-08,,100.0
652,46,5828,NOT_PAID,2023-01-18,,100.0
653,46,44768,CANCELED,2023-01-04,,100.0
654,46,287017,REFUNDED,2023-01-01,,100.0
655,47,288799,NOT_PAID,2023-05-06,,140.0
656,47,123225,PAID,2023-05-30,,200.0
657,47,249245,CANCELED,2023-03-25,,200.0
658,47,298814,CANCELED,2023-09-11,,40.0
659,47,197699,PENDING,2023-11-26,,140.0
660,47,79631,PENDING,2023-01-31,,0.0
661,47,255524,CANCELED,2023-05-01,,200.0
662,47,139213,FAILED,2023-02-05,,200.0
663,47,63857,PENDING,2023-01-25,,200.0
664,47,220066,PAID,2023-02-19,,160.0
665,48,218839,PAID,2023-08-06,,1280.0
666,48,99813,PAID,2023-01-30,,1600.0
667,48,99082,PAID,2023-09-16,,1280.0
668,48,152677,REFUNDED,2023-03-19,,1280.0
669,48,190822,PAID,2023-08-07,,1600.0
670,48,230531,PAID,2023-08-02,,1280.0
671,48,133341,PAID,2023-11-20,,0.0
672,48,200853,PAID,2023-07-23,,0.0
673,49,225680,NOT_PAID,2023-04-26,,600.0
674,49,143709,PENDING,2023-10-27,,480.0
675,49,290181,CANCELED,2023-11-25,,600.0
676,49,119281,FAILED,2023-06-01,,420.0
677,49,62289,NOT_PAID,2023-08-07,,600.0
678,49,117273,PAID,2023-10-23,,600.0
679,49,124111,PAID,2023-04-21,,600.0
680,50,224242,FAILED,2023-10-27,,1280.0
681,50,102176,REFUNDED,2023-09-25,,1280.0
682,50,258613,NOT_PAID,2023-01-14,,1280.0
683,50,70179,PAID,2023-12-25,,1280.0
684,50,121056,PAID,2023-12-23,,320.0
685,50,269177,CANCELED,2023-12-06,,1600.0
686,50,203316,NOT_PAID,2023-10-13,,1120.0
687,50,43119,NOT_PAID,2023-08-10,,960.0
688,50,146092,FAILED,2023-07-23,,320.0
689,50,240674,NOT_PAID,2023-06-11,,1600.0
690,50,20002,REFUNDED,2023-01-03,,1600.0
691,50,271399,NOT_PAID,2023-12-24,,320.0
692,50,284334,PAID,2023-09-25,,0.0
693,50,98787,PAID,2023-08-26,,1600.0
694,50,17968,FAILED,2023-10-04,,320.0
695,50,170547,PAID,2023-12-11,,1120.0
696,50,144595,REFUNDED,2023-03-23,,1600.0
